{"__type__":"cc.SpriteAtlas","_spriteFrames":{"beishuNum3":{"__uuid__":"84857G9JFEM57L4/LdNLz2"},"beishuNum1":{"__uuid__":"bbg+lHdoBLtZcVKrm+eu2G"},"beishuNum2":{"__uuid__":"1a/6HxH4ZFZ6phXAzDfeuj"},"light1":{"__uuid__":"29ZJRR3XVFzoWKNkvWTweV"},"labJBZ":{"__uuid__":"97wXyyUrFEPaMq6lU8cCTE"},"bgClock":{"__uuid__":"850wjCztZP9p3k2HVvBGje"},"bgz":{"__uuid__":"4ey4oc+RdFsZ/D1WxUjs1t"},"btnHuang":{"__uuid__":"a1ZH4kclJEobi9PcS+cynG"},"light2":{"__uuid__":"e7eW7xUxVMB5gMR5Baca7Z"},"btnLv":{"__uuid__":"dfGBItHJNK66a46g/PUWJr"},"labJian":{"__uuid__":"40KRmq3KBGS6rbW6mofKFv"},"icoZhuang":{"__uuid__":"24VhjBLYRIDKakn+zNS9NH"},"labKPZ":{"__uuid__":"1buN78jPdM6oejHuVsuRa4"},"icoJinbi":{"__uuid__":"32c83LFfRKT5ETr1SGeLtW"},"labQZZ":{"__uuid__":"baEYtS1GJBcY/6Uv2y6HPI"},"labKP":{"__uuid__":"d3hqirYvVI4aim3lGBThm4"},"labJia":{"__uuid__":"9cpxIOKuJLCpcMEZMpdjHm"},"labBQHui":{"__uuid__":"09XpYIQLBAarhv9TXxTKgu"},"labBeiHui":{"__uuid__":"2aC4e/+KFMrLnIEpa5Izk3"},"labBeiLan":{"__uuid__":"0aZTPkYrxBc5qhg2xQUW1W"},"labBQ":{"__uuid__":"03cL8ThMRIOK5J+2WKq3mt"},"labQZ":{"__uuid__":"f13VJXl59MTajv291FXF9Y"},"labXHuang":{"__uuid__":"7d11VkzstEupPtHfoObzbU"},"labXLan":{"__uuid__":"a0GdARV2BJKJ6jNRLHgng6"}}}