[{"__type__":"cc.SpriteFrame","content":{"name":"beer","texture":"1bb7cb690","rect":[102,2,57,76],"offset":[0,0],"originalSize":[57,76]}},{"__type__":"cc.SpriteFrame","content":{"name":"btnClose","texture":"13cd9db81","rect":[2,365,50,50],"offset":[0,0],"originalSize":[50,50]}},{"__type__":"cc.SpriteFrame","content":{"name":"bg","texture":"1eb3e695a","rect":[2,107,208,206],"offset":[0,0],"originalSize":[208,206],"capInsets":[37,45,35,40]}},{"__type__":"cc.SpriteFrame","content":{"name":"ico1","texture":"1bb7cb690","rect":[80,82,28,34],"offset":[0,0],"originalSize":[28,34]}},{"__type__":"cc.SpriteFrame","content":{"name":"head","texture":"f2qrxOvsxCLp42f01Ti2kE","rect":[0,0,128,128],"offset":[0,0],"originalSize":[128,128]}},{"__type__":"cc.SpriteFrame","content":{"name":"bg1","texture":"1e3380b1e","rect":[292,2,100,100],"offset":[0,0],"originalSize":[100,100]}},[{"__type__":"cc.Prefab","_name":"PlayerInfo","data":{"__id__":1},"asyncLoadAssets":null},{"__type__":"cc.Node","_name":"PlayerInfo","_children":[{"__id__":2},{"__id__":3},{"__id__":13},{"__id__":21},{"__id__":29},{"__id__":38}],"_components":[{"__type__":"cc.Widget","node":{"__id__":1},"_alignFlags":5,"_originalHeight":1000},{"__type__":"f0209TGvmdHvqaDQ9Hb8bkT","node":{"__id__":1},"head":{"__id__":8},"nickname":{"__id__":12},"xingbie1":{"__id__":10},"xingbie2":{"__id__":11},"btnJidan":{"__id__":18},"btnPijiu":{"__id__":26},"jidan":{"__id__":17},"pijiu":{"__id__":25},"masonry":{"__id__":31},"zongpanshu":{"__id__":33},"weizhi":{"__id__":37}}],"_prefab":{"__type__":"cc.PrefabInfo","root":{"__id__":1},"asset":{"__uuid__":"93id4KPM1GgLCH7G45V9LV"},"fileId":"07nRSs4h1LEa6VEhVTPdyf"},"_contentSize":{"__type__":"cc.Size","width":640,"height":1000},"_position":{"__type__":"cc.Vec2","y":500}},{"__type__":"cc.Node","_name":"MASK","_parent":{"__id__":1},"_components":[{"__type__":"cc.Sprite","node":{"__id__":2},"_spriteFrame":{"__uuid__":"a2MjXRFdtLlYQ5ouAFv/+R"},"_sizeMode":0},{"__type__":"cc.Widget","node":{"__id__":2},"isAlignOnce":false,"_alignFlags":5,"_originalHeight":1000}],"_prefab":{"__type__":"cc.PrefabInfo","root":{"__id__":1},"asset":{"__uuid__":"93id4KPM1GgLCH7G45V9LV"},"fileId":"9dUhJrSuRH5YjApEcoMsvF"},"_opacity":150,"_color":{"__type__":"cc.Color"},"_contentSize":{"__type__":"cc.Size","width":640,"height":1000}},{"__type__":"cc.Node","_name":"bg7","_parent":{"__id__":1},"_children":[{"__id__":4},{"__id__":5},{"__id__":6},{"__id__":9}],"_components":[{"__type__":"cc.Sprite","node":{"__id__":3},"_spriteFrame":{"__uuid__":"4avCP9dp1Pc6I6sDO3O7lF"},"_type":1,"_sizeMode":0},{"__type__":"cc.Button","node":{"__id__":3},"_N$target":{"__id__":3}}],"_prefab":{"__type__":"cc.PrefabInfo","root":{"__id__":1},"asset":{"__uuid__":"93id4KPM1GgLCH7G45V9LV"},"fileId":"bdjDI6jFJC6IX/ya5uvAof"},"_contentSize":{"__type__":"cc.Size","width":580,"height":400}},{"__type__":"cc.Node","_name":"bg3","_parent":{"__id__":3},"_components":[{"__type__":"cc.Sprite","node":{"__id__":4},"_sizeMode":0}],"_prefab":{"__type__":"cc.PrefabInfo","root":{"__id__":1},"asset":{"__uuid__":"93id4KPM1GgLCH7G45V9LV"},"fileId":"734te6ELZEOasU/6gvFL2d"},"_color":{"__type__":"cc.Color","r":230,"g":117,"b":12},"_contentSize":{"__type__":"cc.Size","width":128,"height":128},"_position":{"__type__":"cc.Vec2","x":-185.7,"y":100.1}},{"__type__":"cc.Node","_name":"bg1","_parent":{"__id__":3},"_components":[{"__type__":"cc.Sprite","node":{"__id__":5},"_spriteFrame":{"__uuid__":"8e92UUClhDtZPzzdcjihXM"},"_sizeMode":0}],"_prefab":{"__type__":"cc.PrefabInfo","root":{"__id__":1},"asset":{"__uuid__":"93id4KPM1GgLCH7G45V9LV"},"fileId":"96MqajpitFnYMfv0ZW7DwU"},"_contentSize":{"__type__":"cc.Size","width":128,"height":128},"_position":{"__type__":"cc.Vec2","x":-186,"y":100}},{"__type__":"cc.Node","_name":"mask","_parent":{"__id__":3},"_children":[{"__id__":7}],"_components":[{"__type__":"cc.Mask","node":{"__id__":6},"_type":1}],"_prefab":{"__type__":"cc.PrefabInfo","root":{"__id__":1},"asset":{"__uuid__":"93id4KPM1GgLCH7G45V9LV"},"fileId":"9erf1F5whF3KaLx+azGThd"},"_contentSize":{"__type__":"cc.Size","width":120,"height":120},"_position":{"__type__":"cc.Vec2","x":-186,"y":100}},{"__type__":"cc.Node","_name":"head","_parent":{"__id__":6},"_components":[{"__id__":8}],"_prefab":{"__type__":"cc.PrefabInfo","root":{"__id__":1},"asset":{"__uuid__":"93id4KPM1GgLCH7G45V9LV"},"fileId":"2cNgwrbm1EDaFHlWxXg+d6"},"_contentSize":{"__type__":"cc.Size","width":120,"height":120}},{"__type__":"cc.Sprite","node":{"__id__":7},"_spriteFrame":{"__uuid__":"7asJi13u9Jyo5zpovzPHYX"},"_sizeMode":0},{"__type__":"cc.Node","_name":"nickname","_parent":{"__id__":3},"_children":[{"__id__":10},{"__id__":11}],"_components":[{"__id__":12}],"_prefab":{"__type__":"cc.PrefabInfo","root":{"__id__":1},"asset":{"__uuid__":"93id4KPM1GgLCH7G45V9LV"},"fileId":"696zTIx7VIFLWEEQpQ3bIV"},"_color":{"__type__":"cc.Color","r":144,"g":246,"b":193},"_anchorPoint":{"__type__":"cc.Vec2","y":0.5},"_contentSize":{"__type__":"cc.Size","width":84,"height":28},"_position":{"__type__":"cc.Vec2","x":-101,"y":145.6}},{"__type__":"cc.Node","_name":"ico1","_parent":{"__id__":9},"_active":false,"_components":[{"__type__":"cc.Sprite","node":{"__id__":10},"_spriteFrame":{"__uuid__":"6aMeSlxtZCYofcatPLVd+d"}},{"__type__":"cc.Widget","node":{"__id__":10},"isAlignOnce":null,"_alignFlags":32,"_right":-33}],"_prefab":{"__type__":"cc.PrefabInfo","root":{"__id__":1},"asset":{"__uuid__":"93id4KPM1GgLCH7G45V9LV"},"fileId":"fdwX35JptJUKN7QXIQ2azg"},"_contentSize":{"__type__":"cc.Size","width":28,"height":34},"_position":{"__type__":"cc.Vec2","x":103}},{"__type__":"cc.Node","_name":"ico2","_parent":{"__id__":9},"_active":false,"_components":[{"__type__":"cc.Sprite","node":{"__id__":11},"_spriteFrame":{"__uuid__":"f3IFeDeqlKGZe4zPrdJtU7"}},{"__type__":"cc.Widget","node":{"__id__":11},"isAlignOnce":null,"_alignFlags":32,"_right":-29}],"_prefab":{"__type__":"cc.PrefabInfo","root":{"__id__":1},"asset":{"__uuid__":"93id4KPM1GgLCH7G45V9LV"},"fileId":"550tnRRg1GEqAnkXmMZ2YY"},"_contentSize":{"__type__":"cc.Size","width":20,"height":30},"_position":{"__type__":"cc.Vec2","x":103}},{"__type__":"cc.Label","node":{"__id__":9},"_useOriginalSize":false,"_actualFontSize":28,"_fontSize":28,"_lineHeight":28,"_N$string":"小小人","_N$verticalAlign":1},{"__type__":"cc.Node","_name":"bgJidan","_parent":{"__id__":1},"_children":[{"__id__":14},{"__id__":15}],"_components":[{"__type__":"cc.Sprite","node":{"__id__":13},"_spriteFrame":{"__uuid__":"fdng9INAFNiIRZ+Y9i7vUZ"},"_type":1,"_sizeMode":0}],"_prefab":{"__type__":"cc.PrefabInfo","root":{"__id__":1},"asset":{"__uuid__":"93id4KPM1GgLCH7G45V9LV"},"fileId":"32ICrNypBFUaiiLs8/iJfh"},"_contentSize":{"__type__":"cc.Size","width":178,"height":100},"_position":{"__type__":"cc.Vec2","x":163,"y":77}},{"__type__":"cc.Node","_name":"ico3","_parent":{"__id__":13},"_components":[{"__type__":"cc.Sprite","node":{"__id__":14},"_spriteFrame":{"__uuid__":"d7aRWSKthDFqgEYn0hu3w8"}}],"_prefab":{"__type__":"cc.PrefabInfo","root":{"__id__":1},"asset":{"__uuid__":"93id4KPM1GgLCH7G45V9LV"},"fileId":"1aBcekD01CNp94lNz6sFs3"},"_contentSize":{"__type__":"cc.Size","width":54,"height":72},"_position":{"__type__":"cc.Vec2","x":-45.7}},{"__type__":"cc.Node","_name":"New Node","_parent":{"__id__":13},"_children":[{"__id__":16},{"__id__":18}],"_components":[{"__type__":"cc.Layout","node":{"__id__":15},"_layoutSize":{"__type__":"cc.Size","height":30},"_resize":1,"_N$layoutType":2,"_N$spacingY":-5}],"_prefab":{"__type__":"cc.PrefabInfo","root":{"__id__":1},"asset":{"__uuid__":"93id4KPM1GgLCH7G45V9LV"},"fileId":"c3p3Ag5xxIPYwec14EJyl1"},"_contentSize":{"__type__":"cc.Size","height":30},"_position":{"__type__":"cc.Vec2","x":30.2}},{"__type__":"cc.Node","_name":"lab","_parent":{"__id__":15},"_components":[{"__id__":17}],"_prefab":{"__type__":"cc.PrefabInfo","root":{"__id__":1},"asset":{"__uuid__":"93id4KPM1GgLCH7G45V9LV"},"fileId":"69tAYQ4BdGiYPWu8qcExC0"},"_color":{"__type__":"cc.Color","r":28,"g":53,"b":45},"_contentSize":{"__type__":"cc.Size","width":56,"height":30}},{"__type__":"cc.Label","node":{"__id__":16},"_useOriginalSize":false,"_actualFontSize":22,"_fontSize":22,"_lineHeight":30,"_N$string":"本周0","_N$verticalAlign":1},{"__type__":"cc.Node","_name":"btn1","_parent":{"__id__":15},"_children":[{"__id__":19},{"__id__":20}],"_active":false,"_components":[{"__type__":"cc.Sprite","node":{"__id__":18},"_spriteFrame":{"__uuid__":"93zWvTaQxGLKuWNkerqikz"}}],"_prefab":{"__type__":"cc.PrefabInfo","root":{"__id__":1},"asset":{"__uuid__":"93id4KPM1GgLCH7G45V9LV"},"fileId":"95XhCffEZLmLTX9Cyd3hW4"},"_contentSize":{"__type__":"cc.Size","width":96,"height":48},"_position":{"__type__":"cc.Vec2","y":-12.5}},{"__type__":"cc.Node","_name":"ico5","_parent":{"__id__":18},"_components":[{"__type__":"cc.Sprite","node":{"__id__":19},"_spriteFrame":{"__uuid__":"afKgXhX2tN47jtRgJRAsts"}}],"_prefab":{"__type__":"cc.PrefabInfo","root":{"__id__":1},"asset":{"__uuid__":"93id4KPM1GgLCH7G45V9LV"},"fileId":"9esoPdmDlNsaoDxKRv4XRP"},"_contentSize":{"__type__":"cc.Size","width":29,"height":22},"_position":{"__type__":"cc.Vec2","x":-8}},{"__type__":"cc.Node","_name":"lab","_parent":{"__id__":18},"_components":[{"__type__":"cc.Label","node":{"__id__":20},"_useOriginalSize":false,"_actualFontSize":22,"_fontSize":22,"_lineHeight":30,"_N$string":"1","_N$verticalAlign":1}],"_prefab":{"__type__":"cc.PrefabInfo","root":{"__id__":1},"asset":{"__uuid__":"93id4KPM1GgLCH7G45V9LV"},"fileId":"6eVCr0OQ5HeKvbc35RjDV7"},"_contentSize":{"__type__":"cc.Size","width":12,"height":30},"_position":{"__type__":"cc.Vec2","x":18.9}},{"__type__":"cc.Node","_name":"bgPijiu","_parent":{"__id__":1},"_children":[{"__id__":22},{"__id__":23}],"_components":[{"__type__":"cc.Sprite","node":{"__id__":21},"_spriteFrame":{"__uuid__":"fdng9INAFNiIRZ+Y9i7vUZ"},"_type":1,"_sizeMode":0}],"_prefab":{"__type__":"cc.PrefabInfo","root":{"__id__":1},"asset":{"__uuid__":"93id4KPM1GgLCH7G45V9LV"},"fileId":"cf89IVPZ9O45wd1dzcnF24"},"_contentSize":{"__type__":"cc.Size","width":178,"height":100},"_position":{"__type__":"cc.Vec2","x":-24,"y":77}},{"__type__":"cc.Node","_name":"ico3","_parent":{"__id__":21},"_components":[{"__type__":"cc.Sprite","node":{"__id__":22},"_spriteFrame":{"__uuid__":"0bGeYkmYVFxYlbIGN/+ulC"}}],"_prefab":{"__type__":"cc.PrefabInfo","root":{"__id__":1},"asset":{"__uuid__":"93id4KPM1GgLCH7G45V9LV"},"fileId":"e8hKPfRddBdauB6TNnZx+i"},"_contentSize":{"__type__":"cc.Size","width":57,"height":76},"_position":{"__type__":"cc.Vec2","x":-45.7}},{"__type__":"cc.Node","_name":"New Node","_parent":{"__id__":21},"_children":[{"__id__":24},{"__id__":26}],"_components":[{"__type__":"cc.Layout","node":{"__id__":23},"_layoutSize":{"__type__":"cc.Size","height":30},"_resize":1,"_N$layoutType":2,"_N$spacingY":-5}],"_prefab":{"__type__":"cc.PrefabInfo","root":{"__id__":1},"asset":{"__uuid__":"93id4KPM1GgLCH7G45V9LV"},"fileId":"e52pfBhBxDNax++/DQE/B2"},"_contentSize":{"__type__":"cc.Size","height":30},"_position":{"__type__":"cc.Vec2","x":30.2}},{"__type__":"cc.Node","_name":"lab","_parent":{"__id__":23},"_components":[{"__id__":25}],"_prefab":{"__type__":"cc.PrefabInfo","root":{"__id__":1},"asset":{"__uuid__":"93id4KPM1GgLCH7G45V9LV"},"fileId":"72CHIZgLJM4rCLwUtf2bC8"},"_color":{"__type__":"cc.Color","r":28,"g":53,"b":45},"_contentSize":{"__type__":"cc.Size","width":56,"height":30}},{"__type__":"cc.Label","node":{"__id__":24},"_useOriginalSize":false,"_actualFontSize":22,"_fontSize":22,"_lineHeight":30,"_N$string":"本周0","_N$verticalAlign":1},{"__type__":"cc.Node","_name":"btn1","_parent":{"__id__":23},"_children":[{"__id__":27},{"__id__":28}],"_active":false,"_components":[{"__type__":"cc.Sprite","node":{"__id__":26},"_spriteFrame":{"__uuid__":"93zWvTaQxGLKuWNkerqikz"}}],"_prefab":{"__type__":"cc.PrefabInfo","root":{"__id__":1},"asset":{"__uuid__":"93id4KPM1GgLCH7G45V9LV"},"fileId":"d8WzW8n7lHXKAmdu2eUElX"},"_contentSize":{"__type__":"cc.Size","width":96,"height":48},"_position":{"__type__":"cc.Vec2","y":-12.5}},{"__type__":"cc.Node","_name":"ico5","_parent":{"__id__":26},"_components":[{"__type__":"cc.Sprite","node":{"__id__":27},"_spriteFrame":{"__uuid__":"afKgXhX2tN47jtRgJRAsts"}}],"_prefab":{"__type__":"cc.PrefabInfo","root":{"__id__":1},"asset":{"__uuid__":"93id4KPM1GgLCH7G45V9LV"},"fileId":"e4TIUUob9B84tiA3+Sztm3"},"_contentSize":{"__type__":"cc.Size","width":29,"height":22},"_position":{"__type__":"cc.Vec2","x":-8}},{"__type__":"cc.Node","_name":"lab","_parent":{"__id__":26},"_components":[{"__type__":"cc.Label","node":{"__id__":28},"_useOriginalSize":false,"_actualFontSize":22,"_fontSize":22,"_lineHeight":30,"_N$string":"1","_N$verticalAlign":1}],"_prefab":{"__type__":"cc.PrefabInfo","root":{"__id__":1},"asset":{"__uuid__":"93id4KPM1GgLCH7G45V9LV"},"fileId":"f2LEnvappJ5b1st6UqNgaK"},"_contentSize":{"__type__":"cc.Size","width":12,"height":30},"_position":{"__type__":"cc.Vec2","x":18.9}},{"__type__":"cc.Node","_name":"bgInfo","_parent":{"__id__":1},"_children":[{"__id__":30},{"__id__":32},{"__id__":34},{"__id__":35},{"__id__":36}],"_components":[{"__type__":"cc.Sprite","node":{"__id__":29},"_spriteFrame":{"__uuid__":"fdng9INAFNiIRZ+Y9i7vUZ"},"_type":1,"_sizeMode":0}],"_prefab":{"__type__":"cc.PrefabInfo","root":{"__id__":1},"asset":{"__uuid__":"93id4KPM1GgLCH7G45V9LV"},"fileId":"e1JFnJ021J045Xyp6MRShw"},"_contentSize":{"__type__":"cc.Size","width":506,"height":176},"_position":{"__type__":"cc.Vec2","y":-67.7}},{"__type__":"cc.Node","_name":"lab","_parent":{"__id__":29},"_components":[{"__id__":31}],"_prefab":{"__type__":"cc.PrefabInfo","root":{"__id__":1},"asset":{"__uuid__":"93id4KPM1GgLCH7G45V9LV"},"fileId":"cc49xqL3pA54t8RJISPXhQ"},"_color":{"__type__":"cc.Color","r":28,"g":53,"b":45},"_anchorPoint":{"__type__":"cc.Vec2","y":0.5},"_contentSize":{"__type__":"cc.Size","width":160,"height":30},"_position":{"__type__":"cc.Vec2","x":-218,"y":53}},{"__type__":"cc.Label","node":{"__id__":30},"_useOriginalSize":false,"_actualFontSize":22,"_fontSize":22,"_lineHeight":30,"_enableWrapText":false,"_N$string":"门票: 10000000","_N$verticalAlign":1,"_N$overflow":2},{"__type__":"cc.Node","_name":"lab","_parent":{"__id__":29},"_components":[{"__id__":33}],"_prefab":{"__type__":"cc.PrefabInfo","root":{"__id__":1},"asset":{"__uuid__":"93id4KPM1GgLCH7G45V9LV"},"fileId":"140mMmY89BqbbHRIFcxNip"},"_color":{"__type__":"cc.Color","r":28,"g":53,"b":45},"_anchorPoint":{"__type__":"cc.Vec2","y":0.5},"_contentSize":{"__type__":"cc.Size","width":160,"height":30},"_position":{"__type__":"cc.Vec2","x":29.9,"y":53}},{"__type__":"cc.Label","node":{"__id__":32},"_useOriginalSize":false,"_actualFontSize":22,"_fontSize":22,"_lineHeight":30,"_N$string":"总盘数:未知","_N$verticalAlign":1,"_N$overflow":2},{"__type__":"cc.Node","_name":"lab","_parent":{"__id__":29},"_components":[{"__type__":"cc.Label","node":{"__id__":34},"_useOriginalSize":false,"_actualFontSize":22,"_fontSize":22,"_lineHeight":30,"_enableWrapText":false,"_N$string":"胜率: 未知","_N$verticalAlign":1,"_N$overflow":2}],"_prefab":{"__type__":"cc.PrefabInfo","root":{"__id__":1},"asset":{"__uuid__":"93id4KPM1GgLCH7G45V9LV"},"fileId":"78TDTG/ZZGtZn+2y4fzz5v"},"_color":{"__type__":"cc.Color","r":28,"g":53,"b":45},"_anchorPoint":{"__type__":"cc.Vec2","y":0.5},"_contentSize":{"__type__":"cc.Size","width":160,"height":30},"_position":{"__type__":"cc.Vec2","x":-218,"y":-1}},{"__type__":"cc.Node","_name":"lab","_parent":{"__id__":29},"_components":[{"__type__":"cc.Label","node":{"__id__":35},"_useOriginalSize":false,"_actualFontSize":22,"_fontSize":22,"_lineHeight":30,"_enableWrapText":false,"_N$string":"IP: 未知","_N$verticalAlign":1,"_N$overflow":2}],"_prefab":{"__type__":"cc.PrefabInfo","root":{"__id__":1},"asset":{"__uuid__":"93id4KPM1GgLCH7G45V9LV"},"fileId":"1b5R8I7whPOJUosn8upOJy"},"_color":{"__type__":"cc.Color","r":28,"g":53,"b":45},"_anchorPoint":{"__type__":"cc.Vec2","y":0.5},"_contentSize":{"__type__":"cc.Size","width":160,"height":30},"_position":{"__type__":"cc.Vec2","x":-218,"y":-51}},{"__type__":"cc.Node","_name":"lab","_parent":{"__id__":29},"_components":[{"__id__":37}],"_prefab":{"__type__":"cc.PrefabInfo","root":{"__id__":1},"asset":{"__uuid__":"93id4KPM1GgLCH7G45V9LV"},"fileId":"8f/h6sT71FzpTwOo1YNJ7V"},"_color":{"__type__":"cc.Color","r":28,"g":53,"b":45},"_anchorPoint":{"__type__":"cc.Vec2","y":0.5},"_contentSize":{"__type__":"cc.Size","width":160,"height":30},"_position":{"__type__":"cc.Vec2","x":30,"y":-51}},{"__type__":"cc.Label","node":{"__id__":36},"_useOriginalSize":false,"_actualFontSize":22,"_fontSize":22,"_lineHeight":30,"_N$string":"位置: 未知","_N$verticalAlign":1,"_N$overflow":2},{"__type__":"cc.Node","_name":"btnClose","_parent":{"__id__":1},"_components":[{"__type__":"cc.Sprite","node":{"__id__":38},"_spriteFrame":{"__uuid__":"44ywFC/DZG2pn+4Fv3/v2f"}}],"_prefab":{"__type__":"cc.PrefabInfo","root":{"__id__":1},"asset":{"__uuid__":"93id4KPM1GgLCH7G45V9LV"},"fileId":"1bXa40melCCI7sfKMz4DrV"},"_contentSize":{"__type__":"cc.Size","width":50,"height":50},"_position":{"__type__":"cc.Vec2","x":261.9,"y":171.6}}],{"__type__":"cc.SpriteFrame","content":{"name":"btn1","texture":"1bb7cb690","rect":[2,2,96,48],"offset":[0,0],"originalSize":[96,48]}},{"__type__":"cc.SpriteFrame","content":{"name":"ico5","texture":"1bb7cb690","rect":[60,136,29,22],"offset":[0,0],"originalSize":[29,22]}},{"__type__":"cc.SpriteFrame","content":{"name":"agg2","texture":"1bb7cb690","rect":[2,136,54,72],"offset":[0,0],"originalSize":[54,72]}},{"__type__":"cc.SpriteFrame","content":{"name":"ico2","texture":"1bb7cb690","rect":[2,212,20,30],"offset":[0,0],"originalSize":[20,30]}},{"__type__":"cc.SpriteFrame","content":{"name":"bg3","texture":"1eb3e695a","rect":[2,317,105,103],"offset":[0,0],"originalSize":[105,103],"capInsets":[34,34,32,32]}}]