{"__type__":"cc.SpriteAtlas","_spriteFrames":{"bg3":{"__uuid__":"22qS461n1EG5urS/FvziYG"},"bg6":{"__uuid__":"34/aNzPk1GGLNJw5AuuhAh"},"bg1":{"__uuid__":"8e92UUClhDtZPzzdcjihXM"},"bg4":{"__uuid__":"c5xjAGwNhE7J7n3bDE0Eyl"},"bg5":{"__uuid__":"1brGSL3NZDsIIoMlSe++JK"},"btnKS":{"__uuid__":"bbDVjYlixJLoplmhT1rIAs"},"btnYuyin":{"__uuid__":"7eSOJXfbpIWY9UVHe9aFYz"},"btnLiaotian":{"__uuid__":"0abFZRchpOkb6TIGBoXkNC"},"btnFHWX":{"__uuid__":"890gE/NNZMOYhoVtkNfgJq"},"bgDissolve":{"__uuid__":"0cDfRpXztFO4JoykqoHmrX"},"btnGengduo":{"__uuid__":"e1kepLw71GxrZTTgYRApqO"},"btnJSYX":{"__uuid__":"39Cm+J6t9GNITZkyWwa+RR"},"barDissolve1":{"__uuid__":"3eoAu1AzBDDZgvpKxol7oJ"},"icoKS":{"__uuid__":"664fh2Sh1PgZiXaJrteTxR"},"labPinshi":{"__uuid__":"9dSEjde2tA769/ZkR5thU/"},"bgGuan":{"__uuid__":"67vwLd38BPZbUa2EbYW4ew"},"bgKai":{"__uuid__":"4bgjwaA9BBsJkB8rV1EW2y"},"labJS":{"__uuid__":"aasKmwrvdOYbHQ1RI8YU/N"},"barDissolve2":{"__uuid__":"90rlNuUXVMbKnYQ47yBRpk"},"btnLK":{"__uuid__":"2e1fUlsEJK3IcVS+2i/Qld"},"labLK":{"__uuid__":"a434ZEmntCmqXwrFtxrYK0"},"btnQS":{"__uuid__":"5cJi+MJpVCt465zFWW3kDR"},"labQS":{"__uuid__":"7d4tOxCtZJc6dajcam4hs7"},"btnJS":{"__uuid__":"52txrFqKlNyorW1g6xJPRi"},"btnWanjia":{"__uuid__":"4fcn2azKxJdImu+mPAeQwC"},"labSZ":{"__uuid__":"56/KVxwwdEabOuQ7ddWphw"},"btnSZ":{"__uuid__":"abT9dL18ZMm5zAdbF978LC"},"jiantou":{"__uuid__":"47HvM9YhBOFY7gBQnTfM+T"},"bg2":{"__uuid__":"59ZX7w6TVPN4bAxs38TxOj"}}}