[[{"__type__":"cc.Prefab","_name":"AnimXiayiju","data":{"__id__":1},"asyncLoadAssets":null},{"__type__":"cc.Node","_name":"AnimXiayiju","_children":[{"__id__":2},{"__id__":3},{"__id__":4},{"__id__":5},{"__id__":6},{"__id__":7},{"__id__":8},{"__id__":9},{"__id__":10}],"_components":[{"__type__":"cc.Layout","node":{"__id__":1},"_layoutSize":{"__type__":"cc.Size","width":233},"_resize":1,"_N$layoutType":1},{"__type__":"cc.Widget","node":{"__id__":1},"isAlignOnce":false,"_alignFlags":4,"_bottom":270}],"_prefab":{"__type__":"cc.PrefabInfo","root":{"__id__":1},"asset":{"__uuid__":"20YsDUIV9CtLU+xq0/doCt"},"fileId":"28Lcit/3xHdaQxaiHABol3"},"_contentSize":{"__type__":"cc.Size","width":233},"_position":{"__type__":"cc.Vec2","y":270}},{"__type__":"cc.Node","_name":"labYou","_parent":{"__id__":1},"_components":[{"__type__":"cc.Sprite","node":{"__id__":2},"_spriteFrame":{"__uuid__":"da8ZYHRhFPb6y4MFVplY35"}}],"_prefab":{"__type__":"cc.PrefabInfo","root":{"__id__":1},"asset":{"__uuid__":"20YsDUIV9CtLU+xq0/doCt"},"fileId":"62W0iGl6RM3LSrdWkORvYR"},"_contentSize":{"__type__":"cc.Size","width":34,"height":33},"_position":{"__type__":"cc.Vec2","x":-99.5}},{"__type__":"cc.Node","_name":"labXi","_parent":{"__id__":1},"_components":[{"__type__":"cc.Sprite","node":{"__id__":3},"_spriteFrame":{"__uuid__":"9dJudgSEhGi6J+FmAI6wK/"}}],"_prefab":{"__type__":"cc.PrefabInfo","root":{"__id__":1},"asset":{"__uuid__":"20YsDUIV9CtLU+xq0/doCt"},"fileId":"edtmLUJRZDl6wivvtKqN6j"},"_contentSize":{"__type__":"cc.Size","width":34,"height":34},"_position":{"__type__":"cc.Vec2","x":-65.5}},{"__type__":"cc.Node","_name":"labMa","_parent":{"__id__":1},"_components":[{"__type__":"cc.Sprite","node":{"__id__":4},"_spriteFrame":{"__uuid__":"828c1Ny/NCaoNPKBQQaMVu"}}],"_prefab":{"__type__":"cc.PrefabInfo","root":{"__id__":1},"asset":{"__uuid__":"20YsDUIV9CtLU+xq0/doCt"},"fileId":"b6dpvqPFNByYmC5XbEN3os"},"_contentSize":{"__type__":"cc.Size","width":32,"height":33},"_position":{"__type__":"cc.Vec2","x":-32.5}},{"__type__":"cc.Node","_name":"labShang","_parent":{"__id__":1},"_components":[{"__type__":"cc.Sprite","node":{"__id__":5},"_spriteFrame":{"__uuid__":"4dy3Q2KAJBSLmTY9twWPev"}}],"_prefab":{"__type__":"cc.PrefabInfo","root":{"__id__":1},"asset":{"__uuid__":"20YsDUIV9CtLU+xq0/doCt"},"fileId":"5e+wDnO0NFA4Ex4jP0d6WX"},"_contentSize":{"__type__":"cc.Size","width":32,"height":33},"_position":{"__type__":"cc.Vec2","x":-0.5}},{"__type__":"cc.Node","_name":"labKai","_parent":{"__id__":1},"_components":[{"__type__":"cc.Sprite","node":{"__id__":6},"_spriteFrame":{"__uuid__":"acos29rE9KFJYAdlcBwXnw"}}],"_prefab":{"__type__":"cc.PrefabInfo","root":{"__id__":1},"asset":{"__uuid__":"20YsDUIV9CtLU+xq0/doCt"},"fileId":"9cl5nGzelIi5s3/fgt4426"},"_contentSize":{"__type__":"cc.Size","width":33,"height":32},"_position":{"__type__":"cc.Vec2","x":32}},{"__type__":"cc.Node","_name":"labShi","_parent":{"__id__":1},"_components":[{"__type__":"cc.Sprite","node":{"__id__":7},"_spriteFrame":{"__uuid__":"bfZE0dQNRBD7hZjI3J49qt"}}],"_prefab":{"__type__":"cc.PrefabInfo","root":{"__id__":1},"asset":{"__uuid__":"20YsDUIV9CtLU+xq0/doCt"},"fileId":"3fJCuCODlBP5gaHMgB7okW"},"_contentSize":{"__type__":"cc.Size","width":35,"height":35},"_position":{"__type__":"cc.Vec2","x":66}},{"__type__":"cc.Node","_name":"dian","_parent":{"__id__":1},"_components":[{"__type__":"cc.Sprite","node":{"__id__":8},"_spriteFrame":{"__uuid__":"b2E1IwERxOXZ7wnCHPHVr+"}}],"_prefab":{"__type__":"cc.PrefabInfo","root":{"__id__":1},"asset":{"__uuid__":"20YsDUIV9CtLU+xq0/doCt"},"fileId":"f5+WJIxoVAeKJ53DTIXu0p"},"_contentSize":{"__type__":"cc.Size","width":11,"height":11},"_position":{"__type__":"cc.Vec2","x":89}},{"__type__":"cc.Node","_name":"dian","_parent":{"__id__":1},"_components":[{"__type__":"cc.Sprite","node":{"__id__":9},"_spriteFrame":{"__uuid__":"b2E1IwERxOXZ7wnCHPHVr+"}}],"_prefab":{"__type__":"cc.PrefabInfo","root":{"__id__":1},"asset":{"__uuid__":"20YsDUIV9CtLU+xq0/doCt"},"fileId":"23ibwXx+5JLbf9WsnuAuA0"},"_contentSize":{"__type__":"cc.Size","width":11,"height":11},"_position":{"__type__":"cc.Vec2","x":100}},{"__type__":"cc.Node","_name":"dian","_parent":{"__id__":1},"_components":[{"__type__":"cc.Sprite","node":{"__id__":10},"_spriteFrame":{"__uuid__":"b2E1IwERxOXZ7wnCHPHVr+"}}],"_prefab":{"__type__":"cc.PrefabInfo","root":{"__id__":1},"asset":{"__uuid__":"20YsDUIV9CtLU+xq0/doCt"},"fileId":"fdWWcdTCtHOavAsVp1LDRW"},"_contentSize":{"__type__":"cc.Size","width":11,"height":11},"_position":{"__type__":"cc.Vec2","x":111}}],{"__type__":"cc.SpriteFrame","content":{"name":"labShang","texture":"1395a8c66","rect":[455,120,32,33],"offset":[0,0],"originalSize":[32,33]}},{"__type__":"cc.SpriteFrame","content":{"name":"labMa","texture":"1395a8c66","rect":[397,205,32,33],"offset":[0,0],"originalSize":[32,33]}},{"__type__":"cc.SpriteFrame","content":{"name":"labXi","texture":"1395a8c66","rect":[459,46,34,34],"offset":[0,0],"originalSize":[34,34]}},{"__type__":"cc.SpriteFrame","content":{"name":"labKai","texture":"1395a8c66","rect":[455,84,33,32],"offset":[0,0],"originalSize":[33,32]}},{"__type__":"cc.SpriteFrame","content":{"name":"dian","texture":"1395a8c66","rect":[212,243,11,11],"offset":[0,0],"originalSize":[11,11]}},{"__type__":"cc.SpriteFrame","content":{"name":"labShi","texture":"1395a8c66","rect":[136,211,35,35],"offset":[0,0],"originalSize":[35,35]}},{"__type__":"cc.SpriteFrame","content":{"name":"labYou","texture":"1395a8c66","rect":[417,145,34,33],"offset":[0,0],"originalSize":[34,33]}}]