[{"__type__":"cc.SpriteFrame","content":{"name":"gameStart5","texture":"1395a8c66","rect":[212,211,26,25],"offset":[0,0],"originalSize":[26,25]}},{"__type__":"cc.SpriteFrame","content":{"name":"gameStart6","texture":"1395a8c66","rect":[420,2,40,40],"offset":[0,0],"originalSize":[40,40]}},{"__type__":"cc.SpriteFrame","content":{"name":"gameStart1","texture":"1395a8c66","rect":[2,2,414,103],"offset":[0,0],"originalSize":[414,103]}},{"__type__":"cc.SpriteFrame","content":{"name":"gameStart3","texture":"1395a8c66","rect":[2,109,130,141],"offset":[0,0],"originalSize":[130,141]}},{"__type__":"cc.SpriteFrame","content":{"name":"gameStart2","texture":"1395a8c66","rect":[136,109,182,98],"offset":[0,0],"originalSize":[182,98]}},[{"__type__":"cc.Prefab","_name":"AnimGameStart","data":{"__id__":1},"asyncLoadAssets":null},{"__type__":"cc.Node","_name":"AnimGameStart","_children":[{"__id__":2},{"__id__":3},{"__id__":4},{"__id__":5},{"__id__":6},{"__id__":7},{"__id__":8},{"__id__":9}],"_prefab":{"__type__":"cc.PrefabInfo","root":{"__id__":1},"asset":{"__uuid__":"d56pNAlcFPV40EOzEJmIkS"},"fileId":"dft7BugZpKrKNxQXqyoTzt"}},{"__type__":"cc.Node","_name":"gameStart1","_parent":{"__id__":1},"_components":[{"__type__":"cc.Sprite","node":{"__id__":2},"_spriteFrame":{"__uuid__":"71tz3oonlL/KIqI6TndRqx"}}],"_prefab":{"__type__":"cc.PrefabInfo","root":{"__id__":1},"asset":{"__uuid__":"d56pNAlcFPV40EOzEJmIkS"},"fileId":"2eK4sjexpNCIaEdOAwec8s"},"_contentSize":{"__type__":"cc.Size","width":414,"height":103}},{"__type__":"cc.Node","_name":"gameStart3","_parent":{"__id__":1},"_components":[{"__type__":"cc.Sprite","node":{"__id__":3},"_spriteFrame":{"__uuid__":"a8/9ubh6lPfY+57QfEuWyX"}}],"_prefab":{"__type__":"cc.PrefabInfo","root":{"__id__":1},"asset":{"__uuid__":"d56pNAlcFPV40EOzEJmIkS"},"fileId":"8bF8ttywlDSopRVYNIPQV1"},"_contentSize":{"__type__":"cc.Size","width":130,"height":141},"_position":{"__type__":"cc.Vec2","x":-72.8,"y":68.7}},{"__type__":"cc.Node","_name":"gameStart2","_parent":{"__id__":1},"_components":[{"__type__":"cc.Sprite","node":{"__id__":4},"_spriteFrame":{"__uuid__":"a9afOM3uhNebGXLnVkiGTL"}}],"_prefab":{"__type__":"cc.PrefabInfo","root":{"__id__":1},"asset":{"__uuid__":"d56pNAlcFPV40EOzEJmIkS"},"fileId":"22igT42s5LH4HWKXmGPqQb"},"_contentSize":{"__type__":"cc.Size","width":182,"height":98},"_position":{"__type__":"cc.Vec2","x":40.6,"y":44.9}},{"__type__":"cc.Node","_name":"gameStart6","_parent":{"__id__":1},"_components":[{"__type__":"cc.Sprite","node":{"__id__":5},"_spriteFrame":{"__uuid__":"31Yygilo9MNJ78l+j/LcqI"}}],"_prefab":{"__type__":"cc.PrefabInfo","root":{"__id__":1},"asset":{"__uuid__":"d56pNAlcFPV40EOzEJmIkS"},"fileId":"cdIepesdREWJkB+gFjFMr5"},"_contentSize":{"__type__":"cc.Size","width":40,"height":40},"_position":{"__type__":"cc.Vec2","x":-147.7,"y":22.9}},{"__type__":"cc.Node","_name":"gameStart5","_parent":{"__id__":1},"_components":[{"__type__":"cc.Sprite","node":{"__id__":6},"_spriteFrame":{"__uuid__":"2bfT17frNHm7PTnfa7VGBW"},"_sizeMode":0}],"_prefab":{"__type__":"cc.PrefabInfo","root":{"__id__":1},"asset":{"__uuid__":"d56pNAlcFPV40EOzEJmIkS"},"fileId":"f5E+J1mOFJPpajVr+7bjfa"},"_contentSize":{"__type__":"cc.Size","width":26,"height":26},"_position":{"__type__":"cc.Vec2","x":145,"y":-16}},{"__type__":"cc.Node","_name":"gameStart4","_parent":{"__id__":1},"_components":[{"__type__":"cc.Sprite","node":{"__id__":7},"_spriteFrame":{"__uuid__":"f63OOpFW1Ej5gMWmnm6GoO"},"_sizeMode":0}],"_prefab":{"__type__":"cc.PrefabInfo","root":{"__id__":1},"asset":{"__uuid__":"d56pNAlcFPV40EOzEJmIkS"},"fileId":"890coSggdCxIWJYdY3tJar"},"_contentSize":{"__type__":"cc.Size","width":40,"height":40},"_position":{"__type__":"cc.Vec2","x":-115.2,"y":-29.2}},{"__type__":"cc.Node","_name":"gameStart4","_parent":{"__id__":1},"_components":[{"__type__":"cc.Sprite","node":{"__id__":8},"_spriteFrame":{"__uuid__":"f63OOpFW1Ej5gMWmnm6GoO"},"_sizeMode":0}],"_prefab":{"__type__":"cc.PrefabInfo","root":{"__id__":1},"asset":{"__uuid__":"d56pNAlcFPV40EOzEJmIkS"},"fileId":"930GINLFNNg53SFuCTWCuo"},"_opacity":220,"_contentSize":{"__type__":"cc.Size","width":60,"height":60},"_position":{"__type__":"cc.Vec2","x":167.6,"y":56.3}},{"__type__":"cc.Node","_name":"gameStart4","_parent":{"__id__":1},"_components":[{"__type__":"cc.Sprite","node":{"__id__":9},"_spriteFrame":{"__uuid__":"f63OOpFW1Ej5gMWmnm6GoO"}}],"_prefab":{"__type__":"cc.PrefabInfo","root":{"__id__":1},"asset":{"__uuid__":"d56pNAlcFPV40EOzEJmIkS"},"fileId":"9fFxqWGIRN7LMTIgaQCgwH"},"_opacity":200,"_contentSize":{"__type__":"cc.Size","width":91,"height":92},"_position":{"__type__":"cc.Vec2","x":-122,"y":113}}],{"__type__":"cc.SpriteFrame","content":{"name":"gameStart4","texture":"1395a8c66","rect":[322,109,91,92],"offset":[0,0],"originalSize":[91,92]}}]