[{"__type__":"cc.SpriteFrame","content":{"name":"icoXin","texture":"1af8348ac","rect":[246,558,23,23],"offset":[0,0],"originalSize":[25,25]}},{"__type__":"cc.SpriteFrame","content":{"name":"default_scrollbar_vertical","texture":"d608qFRoFHwbXd0Dap056i","rect":[2,0,11,30],"offset":[0,0],"originalSize":[15,30],"capInsets":[0,5,0,5]}},{"__type__":"cc.SpriteFrame","content":{"name":"default_scrollbar_vertical_bg","texture":"61cyPdEfRN047sDK9rO0W5","rect":[0,0,15,30],"offset":[0,0],"originalSize":[15,30],"capInsets":[0,7,0,8]}},{"__type__":"cc.SpriteFrame","content":{"name":"101","texture":"f6IY/mw9FKW5Pf49krEoYM","rect":[656,148,80,106],"offset":[0,0],"originalSize":[80,106]}},{"__type__":"cc.SpriteFrame","content":{"name":"icoShiJian","texture":"1f55f4f7a","rect":[290,2,26,26],"offset":[0,0],"originalSize":[26,26]}},[{"__type__":"cc.Prefab","_name":"ViewTurnInfo","data":{"__id__":1},"asyncLoadAssets":null},{"__type__":"cc.Node","_name":"ViewTurnInfo","_children":[{"__id__":2},{"__id__":3},{"__id__":37},{"__id__":38}],"_components":[{"__type__":"cc.Sprite","node":{"__id__":1},"_spriteFrame":{"__uuid__":"a2MjXRFdtLlYQ5ouAFv/+R"},"_sizeMode":0},{"__type__":"cc.Widget","node":{"__id__":1},"isAlignOnce":false,"_alignFlags":5,"_originalWidth":640,"_originalHeight":1000},{"__type__":"7abdd7wvdxI17lsnaYhuAfA","node":{"__id__":1},"turns":{"__id__":11},"list":{"__id__":13},"turn":{"__id__":35},"head":{"__id__":16},"nickname":{"__id__":18},"cardType":{"__id__":20},"cards":[{"__id__":22},{"__id__":24},{"__id__":26},{"__id__":28},{"__id__":30}],"score":{"__id__":33},"empty":{"__id__":37},"cardAtlas":{"__uuid__":"925FHs0+pDwqKZimFIvBfh"}}],"_prefab":{"__type__":"cc.PrefabInfo","root":{"__id__":1},"asset":{"__uuid__":"e4ivuyf7tD76FrgT6YN65+"},"fileId":"d6nwO7CklCTY7/RjoCVN0A"},"_color":{"__type__":"cc.Color","r":22,"g":30,"b":43},"_anchorPoint":{"__type__":"cc.Vec2","x":0.5,"y":1},"_contentSize":{"__type__":"cc.Size","width":640,"height":1000},"_position":{"__type__":"cc.Vec2","y":1000}},{"__type__":"cc.Node","_name":"New Sprite(Splash)","_parent":{"__id__":1},"_components":[{"__type__":"cc.Sprite","node":{"__id__":2},"_spriteFrame":{"__uuid__":"a2MjXRFdtLlYQ5ouAFv/+R"},"_sizeMode":0},{"__type__":"cc.Widget","node":{"__id__":2},"isAlignOnce":false,"_alignFlags":5,"_originalHeight":1000}],"_prefab":{"__type__":"cc.PrefabInfo","root":{"__id__":1},"asset":{"__uuid__":"e4ivuyf7tD76FrgT6YN65+"},"fileId":"05Yaw/TXNIXImKcTnjRw5C"},"_color":{"__type__":"cc.Color","r":57,"g":64,"b":75},"_anchorPoint":{"__type__":"cc.Vec2","x":0.5,"y":1},"_contentSize":{"__type__":"cc.Size","width":2,"height":1000},"_position":{"__type__":"cc.Vec2","x":-203}},{"__type__":"cc.Node","_name":"New ScrollView","_parent":{"__id__":1},"_children":[{"__id__":4},{"__id__":10}],"_components":[{"__id__":8},{"__type__":"cc.Widget","node":{"__id__":3},"isAlignOnce":false,"_alignFlags":5,"_originalHeight":1000}],"_prefab":{"__type__":"cc.PrefabInfo","root":{"__id__":1},"asset":{"__uuid__":"e4ivuyf7tD76FrgT6YN65+"},"fileId":"50Z5LnGC9CWoQUIQSPbzhf"},"_color":{"__type__":"cc.Color","r":184,"g":184,"b":184},"_anchorPoint":{"__type__":"cc.Vec2","x":0.5,"y":1},"_contentSize":{"__type__":"cc.Size","width":640,"height":1000}},{"__type__":"cc.Node","_name":"scrollBar","_parent":{"__id__":3},"_children":[{"__id__":5}],"_components":[{"__id__":7},{"__type__":"cc.Widget","node":{"__id__":4},"isAlignOnce":false,"_alignFlags":37,"_left":350.07654921020657,"_right":4,"_top":5,"_bottom":5,"_originalHeight":237},{"__type__":"cc.Sprite","node":{"__id__":4},"_spriteFrame":{"__uuid__":"5f5dyqtRNNxaFmVzYns6FZ"},"_type":1,"_sizeMode":0}],"_prefab":{"__type__":"cc.PrefabInfo","root":{"__id__":1},"asset":{"__uuid__":"e4ivuyf7tD76FrgT6YN65+"},"fileId":"5d+r+s0xZE05AJJWLo1Bnp"},"_opacity":200,"_color":{"__type__":"cc.Color","r":48,"g":62,"b":111},"_anchorPoint":{"__type__":"cc.Vec2","x":1,"y":0.5},"_contentSize":{"__type__":"cc.Size","width":9,"height":990},"_position":{"__type__":"cc.Vec2","x":316,"y":-500}},{"__type__":"cc.Node","_name":"bar","_parent":{"__id__":4},"_components":[{"__id__":6}],"_prefab":{"__type__":"cc.PrefabInfo","root":{"__id__":1},"asset":{"__uuid__":"e4ivuyf7tD76FrgT6YN65+"},"fileId":"959D/9RKlPLLRIlE/9nggM"},"_color":{"__type__":"cc.Color","r":22,"g":73,"b":114},"_anchorPoint":{"__type__":"cc.Vec2","x":1},"_contentSize":{"__type__":"cc.Size","width":7,"height":30},"_position":{"__type__":"cc.Vec2","x":-1}},{"__type__":"cc.Sprite","node":{"__id__":5},"_spriteFrame":{"__uuid__":"5cO7kybDxGj4ipyMYdRYZB"},"_type":1,"_sizeMode":0},{"__type__":"cc.Scrollbar","node":{"__id__":4},"_scrollView":{"__id__":8},"_N$handle":{"__id__":6},"_N$direction":1},{"__type__":"cc.ScrollView","node":{"__id__":3},"content":{"__id__":9},"horizontal":false,"brake":0.75,"bounceDuration":0.23,"_N$horizontalScrollBar":null,"_N$verticalScrollBar":{"__id__":7}},{"__type__":"cc.Node","_name":"content","_parent":{"__id__":10},"_children":[{"__id__":11}],"_components":[{"__type__":"cc.Layout","node":{"__id__":9},"_layoutSize":{"__type__":"cc.Size","width":640,"height":210},"_resize":1,"_N$layoutType":2,"_N$paddingTop":20,"_N$paddingBottom":20}],"_prefab":{"__type__":"cc.PrefabInfo","root":{"__id__":1},"asset":{"__uuid__":"e4ivuyf7tD76FrgT6YN65+"},"fileId":"2axQyvMk1FVK9nSaKRzJy+"},"_anchorPoint":{"__type__":"cc.Vec2","x":0.5,"y":1},"_contentSize":{"__type__":"cc.Size","width":640,"height":210}},{"__type__":"cc.Node","_name":"view","_parent":{"__id__":3},"_children":[{"__id__":9}],"_components":[{"__type__":"cc.Mask","node":{"__id__":10}},{"__type__":"cc.Widget","node":{"__id__":10},"isAlignOnce":false,"_alignFlags":5,"_originalHeight":1000}],"_prefab":{"__type__":"cc.PrefabInfo","root":{"__id__":1},"asset":{"__uuid__":"e4ivuyf7tD76FrgT6YN65+"},"fileId":"b467LvXuBCi6750g4T8y+t"},"_anchorPoint":{"__type__":"cc.Vec2","x":0.5,"y":1},"_contentSize":{"__type__":"cc.Size","width":640,"height":1000}},{"__type__":"cc.Node","_name":"list","_parent":{"__id__":9},"_children":[{"__id__":12},{"__id__":34},{"__id__":36}],"_components":[{"__type__":"cc.Layout","node":{"__id__":11},"_layoutSize":{"__type__":"cc.Size","width":596,"height":170},"_resize":1,"_N$paddingTop":10,"_N$paddingBottom":10}],"_prefab":{"__type__":"cc.PrefabInfo","root":{"__id__":1},"asset":{"__uuid__":"e4ivuyf7tD76FrgT6YN65+"},"fileId":"04V62cMHVHDYAJYn7P/E3o"},"_anchorPoint":{"__type__":"cc.Vec2","x":0.48,"y":0.94},"_contentSize":{"__type__":"cc.Size","width":596,"height":170},"_position":{"__type__":"cc.Vec2","x":2,"y":-30.20000000000001}},{"__type__":"cc.Node","_name":"player","_parent":{"__id__":11},"_children":[{"__id__":13}],"_components":[{"__type__":"cc.Layout","node":{"__id__":12},"_layoutSize":{"__type__":"cc.Size","width":510,"height":150},"_resize":1,"_N$layoutType":2}],"_prefab":{"__type__":"cc.PrefabInfo","root":{"__id__":1},"asset":{"__uuid__":"e4ivuyf7tD76FrgT6YN65+"},"fileId":"ce39oJJCNFRZTC72uch3Wl"},"_anchorPoint":{"__type__":"cc.Vec2","x":0.5,"y":1},"_contentSize":{"__type__":"cc.Size","width":510,"height":150},"_position":{"__type__":"cc.Vec2","x":52}},{"__type__":"cc.Node","_name":"list","_parent":{"__id__":12},"_children":[{"__id__":14},{"__id__":17},{"__id__":19},{"__id__":21},{"__id__":23},{"__id__":25},{"__id__":27},{"__id__":29},{"__id__":31},{"__id__":32}],"_prefab":{"__type__":"cc.PrefabInfo","root":{"__id__":1},"asset":{"__uuid__":"e4ivuyf7tD76FrgT6YN65+"},"fileId":"71a46TL8tPOrUsHQzlzdiC"},"_anchorPoint":{"__type__":"cc.Vec2","x":0.5,"y":1},"_contentSize":{"__type__":"cc.Size","width":510,"height":150}},{"__type__":"cc.Node","_name":"head","_parent":{"__id__":13},"_children":[{"__id__":15}],"_components":[{"__type__":"cc.Mask","node":{"__id__":14}}],"_prefab":{"__type__":"cc.PrefabInfo","root":{"__id__":1},"asset":{"__uuid__":"e4ivuyf7tD76FrgT6YN65+"},"fileId":"d7WFBf7UZMqYOUA4zchC4b"},"_contentSize":{"__type__":"cc.Size","width":62,"height":62},"_position":{"__type__":"cc.Vec2","x":-192,"y":-37.8}},{"__type__":"cc.Node","_name":"head","_parent":{"__id__":14},"_components":[{"__id__":16}],"_prefab":{"__type__":"cc.PrefabInfo","root":{"__id__":1},"asset":{"__uuid__":"e4ivuyf7tD76FrgT6YN65+"},"fileId":"23iP1gllFH1Y6dJFKy9dV2"},"_contentSize":{"__type__":"cc.Size","width":62,"height":62}},{"__type__":"cc.Sprite","node":{"__id__":15},"_spriteFrame":{"__uuid__":"fbsyUnMjNPtIW25m8k4qn1"},"_sizeMode":0},{"__type__":"cc.Node","_name":"nickname","_parent":{"__id__":13},"_components":[{"__id__":18}],"_prefab":{"__type__":"cc.PrefabInfo","root":{"__id__":1},"asset":{"__uuid__":"e4ivuyf7tD76FrgT6YN65+"},"fileId":"424QIzMQdKuLCIto8szYy5"},"_anchorPoint":{"__type__":"cc.Vec2","y":0.5},"_contentSize":{"__type__":"cc.Size","width":380,"height":24},"_position":{"__type__":"cc.Vec2","x":-145,"y":-24}},{"__type__":"cc.Label","node":{"__id__":17},"_useOriginalSize":false,"_actualFontSize":24,"_fontSize":24,"_lineHeight":24,"_enableWrapText":false,"_N$string":"小小人","_N$verticalAlign":1,"_N$overflow":1},{"__type__":"cc.Node","_name":"cardType","_parent":{"__id__":13},"_components":[{"__id__":20}],"_prefab":{"__type__":"cc.PrefabInfo","root":{"__id__":1},"asset":{"__uuid__":"e4ivuyf7tD76FrgT6YN65+"},"fileId":"aame93AOlKerKvHPqPP1yT"},"_anchorPoint":{"__type__":"cc.Vec2","y":0.5},"_contentSize":{"__type__":"cc.Size","width":37,"height":24},"_position":{"__type__":"cc.Vec2","x":-145,"y":-55}},{"__type__":"cc.Label","node":{"__id__":19},"_useOriginalSize":false,"_actualFontSize":24,"_fontSize":24,"_lineHeight":24,"_N$string":"牛3","_N$horizontalAlign":1,"_N$verticalAlign":1},{"__type__":"cc.Node","_name":"card1","_parent":{"__id__":13},"_components":[{"__id__":22}],"_prefab":{"__type__":"cc.PrefabInfo","root":{"__id__":1},"asset":{"__uuid__":"e4ivuyf7tD76FrgT6YN65+"},"fileId":"a4gbihFINEKY0tbqtl+oCH"},"_contentSize":{"__type__":"cc.Size","width":48,"height":66},"_position":{"__type__":"cc.Vec2","x":-123,"y":-110}},{"__type__":"cc.Sprite","node":{"__id__":21},"_spriteFrame":{"__uuid__":"da5gDJ4mJEzJaeOzRgxOHM"},"_sizeMode":0},{"__type__":"cc.Node","_name":"card1","_parent":{"__id__":13},"_components":[{"__id__":24}],"_prefab":{"__type__":"cc.PrefabInfo","root":{"__id__":1},"asset":{"__uuid__":"e4ivuyf7tD76FrgT6YN65+"},"fileId":"21LjnJ0LdImKwwvZQ4uM7q"},"_contentSize":{"__type__":"cc.Size","width":48,"height":66},"_position":{"__type__":"cc.Vec2","x":-68,"y":-110}},{"__type__":"cc.Sprite","node":{"__id__":23},"_spriteFrame":{"__uuid__":"da5gDJ4mJEzJaeOzRgxOHM"},"_sizeMode":0},{"__type__":"cc.Node","_name":"card1","_parent":{"__id__":13},"_components":[{"__id__":26}],"_prefab":{"__type__":"cc.PrefabInfo","root":{"__id__":1},"asset":{"__uuid__":"e4ivuyf7tD76FrgT6YN65+"},"fileId":"0egwJxgYJBdYQieBjUKCZJ"},"_contentSize":{"__type__":"cc.Size","width":48,"height":66},"_position":{"__type__":"cc.Vec2","x":-13,"y":-110}},{"__type__":"cc.Sprite","node":{"__id__":25},"_spriteFrame":{"__uuid__":"da5gDJ4mJEzJaeOzRgxOHM"},"_sizeMode":0},{"__type__":"cc.Node","_name":"card1","_parent":{"__id__":13},"_components":[{"__id__":28}],"_prefab":{"__type__":"cc.PrefabInfo","root":{"__id__":1},"asset":{"__uuid__":"e4ivuyf7tD76FrgT6YN65+"},"fileId":"efslXfiYpJvpMLR946Qj/p"},"_contentSize":{"__type__":"cc.Size","width":48,"height":66},"_position":{"__type__":"cc.Vec2","x":42,"y":-110}},{"__type__":"cc.Sprite","node":{"__id__":27},"_spriteFrame":{"__uuid__":"da5gDJ4mJEzJaeOzRgxOHM"},"_sizeMode":0},{"__type__":"cc.Node","_name":"card1","_parent":{"__id__":13},"_components":[{"__id__":30}],"_prefab":{"__type__":"cc.PrefabInfo","root":{"__id__":1},"asset":{"__uuid__":"e4ivuyf7tD76FrgT6YN65+"},"fileId":"60iHHgvnNAWayeB18RF41r"},"_contentSize":{"__type__":"cc.Size","width":48,"height":66},"_position":{"__type__":"cc.Vec2","x":97,"y":-110}},{"__type__":"cc.Sprite","node":{"__id__":29},"_spriteFrame":{"__uuid__":"da5gDJ4mJEzJaeOzRgxOHM"},"_sizeMode":0},{"__type__":"cc.Node","_name":"icoXin","_parent":{"__id__":13},"_components":[{"__type__":"cc.Sprite","node":{"__id__":31},"_spriteFrame":{"__uuid__":"33CPEvNEROOIQtynrgtFnI"}}],"_prefab":{"__type__":"cc.PrefabInfo","root":{"__id__":1},"asset":{"__uuid__":"e4ivuyf7tD76FrgT6YN65+"},"fileId":"8fSFegRuFA8YmSDJTUUeds"},"_contentSize":{"__type__":"cc.Size","width":23,"height":23},"_position":{"__type__":"cc.Vec2","x":184,"y":-57}},{"__type__":"cc.Node","_name":"score","_parent":{"__id__":13},"_components":[{"__id__":33}],"_prefab":{"__type__":"cc.PrefabInfo","root":{"__id__":1},"asset":{"__uuid__":"e4ivuyf7tD76FrgT6YN65+"},"fileId":"52vzNEbldOYajdiwW1cyQG"},"_color":{"__type__":"cc.Color","r":240,"g":163},"_anchorPoint":{"__type__":"cc.Vec2","y":0.5},"_contentSize":{"__type__":"cc.Size","width":50,"height":22},"_position":{"__type__":"cc.Vec2","x":199,"y":-57}},{"__type__":"cc.Label","node":{"__id__":32},"_useOriginalSize":false,"_actualFontSize":22,"_fontSize":22,"_lineHeight":22,"_N$string":"+200","_N$horizontalAlign":1,"_N$verticalAlign":1},{"__type__":"cc.Node","_name":"turn","_parent":{"__id__":11},"_components":[{"__id__":35}],"_prefab":{"__type__":"cc.PrefabInfo","root":{"__id__":1},"asset":{"__uuid__":"e4ivuyf7tD76FrgT6YN65+"},"fileId":"83PnBrVIpAQJAeEAqQOrHu"},"_contentSize":{"__type__":"cc.Size","width":56,"height":52},"_position":{"__type__":"cc.Vec2","x":-261,"y":-33}},{"__type__":"cc.Label","node":{"__id__":34},"_useOriginalSize":false,"_actualFontSize":22,"_fontSize":22,"_lineHeight":26,"_N$string":"第1盘\n14:20","_N$horizontalAlign":1,"_N$verticalAlign":1},{"__type__":"cc.Node","_name":"icoShiJian","_parent":{"__id__":11},"_components":[{"__type__":"cc.Sprite","node":{"__id__":36},"_spriteFrame":{"__uuid__":"e4ay4AoF9LKruTTMPdQAkj"}}],"_prefab":{"__type__":"cc.PrefabInfo","root":{"__id__":1},"asset":{"__uuid__":"e4ivuyf7tD76FrgT6YN65+"},"fileId":"a3yCb9Wt9PxrBFRxCwxUzG"},"_contentSize":{"__type__":"cc.Size","width":26,"height":26},"_position":{"__type__":"cc.Vec2","x":-205.6,"y":-29.7}},{"__type__":"cc.Node","_name":"empty","_parent":{"__id__":1},"_active":false,"_components":[{"__type__":"cc.Label","node":{"__id__":37},"_useOriginalSize":false,"_N$string":"本局没有高手过招","_N$horizontalAlign":1,"_N$verticalAlign":1}],"_prefab":{"__type__":"cc.PrefabInfo","root":{"__id__":1},"asset":{"__uuid__":"e4ivuyf7tD76FrgT6YN65+"},"fileId":"23SW5RW6dBnJDUn7CNCuOJ"},"_color":{"__type__":"cc.Color","r":134,"g":173,"b":216},"_contentSize":{"__type__":"cc.Size","width":320,"height":40},"_position":{"__type__":"cc.Vec2","x":56,"y":-129}},{"__type__":"cc.Node","_name":"btnClose","_parent":{"__id__":1},"_components":[{"__type__":"cc.Label","node":{"__id__":38},"_useOriginalSize":false,"_actualFontSize":32,"_fontSize":32,"_lineHeight":32,"_N$string":"X","_N$horizontalAlign":1,"_N$verticalAlign":1,"_N$overflow":1},{"__type__":"cc.Widget","node":{"__id__":38},"isAlignOnce":false,"_alignFlags":1}],"_prefab":{"__type__":"cc.PrefabInfo","root":{"__id__":1},"asset":{"__uuid__":"e4ivuyf7tD76FrgT6YN65+"},"fileId":"060ZSgW4ZFPYMPvWMlNrVx"},"_color":{"__type__":"cc.Color","r":13,"g":85,"b":151},"_contentSize":{"__type__":"cc.Size","width":50,"height":50},"_position":{"__type__":"cc.Vec2","x":280,"y":-25}}],{"__type__":"cc.SpriteFrame","content":{"name":"head","texture":"54+f/JVjlFdpkzynHKe3gx","rect":[0,0,128,128],"offset":[0,0],"originalSize":[128,128]}}]