[{"__type__":"cc.SpriteFrame","content":{"name":"bg2","texture":"1f55f4f7a","rect":[61,2,225,75],"offset":[0,0],"originalSize":[225,75]}},{"__type__":"cc.SpriteFrame","content":{"name":"bg1","texture":"1f55f4f7a","rect":[2,166,234,70],"offset":[-108,0],"originalSize":[450,70],"capInsets":[100,0,100,0]}},[{"__type__":"cc.Prefab","_name":"GameOver","data":{"__id__":1},"asyncLoadAssets":null},{"__type__":"cc.Node","_name":"GameOver","_children":[{"__id__":2}],"_components":[{"__type__":"cc.Widget","node":{"__id__":1},"isAlignOnce":false,"_alignFlags":5,"_top":-50,"_bottom":-50,"_originalWidth":640,"_originalHeight":1000},{"__type__":"cc.Button","node":{"__id__":1},"_N$target":{"__id__":1}},{"__type__":"e89a1kojfpMVbdfJ9MOSoL1","node":{"__id__":1},"content":{"__id__":7},"infos":[{"__id__":16},{"__id__":18},{"__id__":20},{"__id__":22}],"list":{"__id__":8},"icoDYJ":{"__id__":13},"btnCABC":{"__id__":3},"btnZJHC":{"__id__":5}}],"_prefab":{"__type__":"cc.PrefabInfo","root":{"__id__":1},"asset":{"__uuid__":"15DKHK0GpFtbmGd+S1pP4O"},"fileId":"7fSB+MJ/ZAAolfZs8ajjrA"},"_contentSize":{"__type__":"cc.Size","width":640,"height":1100},"_position":{"__type__":"cc.Vec2","y":500}},{"__type__":"cc.Node","_name":"bgGameover1","_parent":{"__id__":1},"_children":[{"__id__":3},{"__id__":5},{"__id__":7},{"__id__":15},{"__id__":17},{"__id__":19},{"__id__":21}],"_components":[{"__type__":"cc.Sprite","node":{"__id__":2},"_spriteFrame":{"__uuid__":"a8GqN4/8JOlo0j+m2mFeVI"},"_type":1,"_sizeMode":0},{"__type__":"cc.Widget","node":{"__id__":2},"isAlignOnce":false,"_alignFlags":5,"_originalHeight":1100}],"_prefab":{"__type__":"cc.PrefabInfo","root":{"__id__":1},"asset":{"__uuid__":"15DKHK0GpFtbmGd+S1pP4O"},"fileId":"ee+BKkrH1Pm5F45VhZzWY+"},"_anchorPoint":{"__type__":"cc.Vec2","x":0.5,"y":1},"_contentSize":{"__type__":"cc.Size","width":640,"height":1100},"_position":{"__type__":"cc.Vec2","y":550}},{"__type__":"cc.Node","_name":"btn1","_parent":{"__id__":2},"_children":[{"__id__":4}],"_prefab":{"__type__":"cc.PrefabInfo","root":{"__id__":1},"asset":{"__uuid__":"15DKHK0GpFtbmGd+S1pP4O"},"fileId":"588HgOCBVIGYL3GTJ3iSKX"},"_contentSize":{"__type__":"cc.Size","width":200,"height":70},"_position":{"__type__":"cc.Vec2","x":-150,"y":-943}},{"__type__":"cc.Node","_name":"btnCABC2","_parent":{"__id__":3},"_components":[{"__type__":"cc.Sprite","node":{"__id__":4},"_spriteFrame":{"__uuid__":"55OWwI2QZOQIZt555K0pUx"}}],"_prefab":{"__type__":"cc.PrefabInfo","root":{"__id__":1},"asset":{"__uuid__":"15DKHK0GpFtbmGd+S1pP4O"},"fileId":"a6nz4oSu9K/p1JUc5lk17Z"},"_contentSize":{"__type__":"cc.Size","width":229,"height":70}},{"__type__":"cc.Node","_name":"btn2","_parent":{"__id__":2},"_children":[{"__id__":6}],"_prefab":{"__type__":"cc.PrefabInfo","root":{"__id__":1},"asset":{"__uuid__":"15DKHK0GpFtbmGd+S1pP4O"},"fileId":"ffSnhrDaRMsLCYLiKSZKDW"},"_contentSize":{"__type__":"cc.Size","width":200,"height":70},"_position":{"__type__":"cc.Vec2","x":150,"y":-943}},{"__type__":"cc.Node","_name":"btnZJHC2","_parent":{"__id__":5},"_components":[{"__type__":"cc.Sprite","node":{"__id__":6},"_spriteFrame":{"__uuid__":"61rwImhSpLrLhFbMHvpww8"}}],"_prefab":{"__type__":"cc.PrefabInfo","root":{"__id__":1},"asset":{"__uuid__":"15DKHK0GpFtbmGd+S1pP4O"},"fileId":"80p7xfyldGzIt5ifFx3Vry"},"_contentSize":{"__type__":"cc.Size","width":229,"height":70}},{"__type__":"cc.Node","_name":"content","_parent":{"__id__":2},"_children":[{"__id__":8}],"_components":[{"__type__":"cc.Layout","node":{"__id__":7},"_layoutSize":{"__type__":"cc.Size","width":466,"height":75},"_resize":1,"_N$layoutType":2}],"_prefab":{"__type__":"cc.PrefabInfo","root":{"__id__":1},"asset":{"__uuid__":"15DKHK0GpFtbmGd+S1pP4O"},"fileId":"fcveMkB7ZP15oEQmLI340/"},"_anchorPoint":{"__type__":"cc.Vec2","x":0.5,"y":1},"_contentSize":{"__type__":"cc.Size","width":466,"height":75},"_position":{"__type__":"cc.Vec2","y":-385}},{"__type__":"cc.Node","_name":"list","_parent":{"__id__":7},"_children":[{"__id__":9},{"__id__":10},{"__id__":11},{"__id__":12},{"__id__":13}],"_prefab":{"__type__":"cc.PrefabInfo","root":{"__id__":1},"asset":{"__uuid__":"15DKHK0GpFtbmGd+S1pP4O"},"fileId":"02+VSG4jdPGJqflOumEWXV"},"_contentSize":{"__type__":"cc.Size","width":450,"height":75},"_position":{"__type__":"cc.Vec2","y":-37.5}},{"__type__":"cc.Node","_name":"bg1","_parent":{"__id__":8},"_components":[{"__type__":"cc.Sprite","node":{"__id__":9},"_spriteFrame":{"__uuid__":"0batkf5H5KfotL3j7Cdxv4"},"_type":1,"_sizeMode":0}],"_prefab":{"__type__":"cc.PrefabInfo","root":{"__id__":1},"asset":{"__uuid__":"15DKHK0GpFtbmGd+S1pP4O"},"fileId":"d8/Nw2tbFA9YXg9QhOObCY"},"_contentSize":{"__type__":"cc.Size","width":450,"height":67.5}},{"__type__":"cc.Node","_name":"bg2","_parent":{"__id__":8},"_active":false,"_components":[{"__type__":"cc.Sprite","node":{"__id__":10},"_spriteFrame":{"__uuid__":"06O8kV6h9JSqlAcsWBI6G2"},"_sizeMode":0}],"_prefab":{"__type__":"cc.PrefabInfo","root":{"__id__":1},"asset":{"__uuid__":"15DKHK0GpFtbmGd+S1pP4O"},"fileId":"b5iHtjKwFIErk4nuIZNhm2"},"_contentSize":{"__type__":"cc.Size","width":450,"height":67.5}},{"__type__":"cc.Node","_name":"nickname","_parent":{"__id__":8},"_components":[{"__type__":"cc.Label","node":{"__id__":11},"_useOriginalSize":false,"_actualFontSize":24,"_fontSize":24,"_lineHeight":28,"_N$string":"小小人","_N$verticalAlign":1,"_N$overflow":2}],"_prefab":{"__type__":"cc.PrefabInfo","root":{"__id__":1},"asset":{"__uuid__":"15DKHK0GpFtbmGd+S1pP4O"},"fileId":"95TGhyKdxNH51vUfAQ3Qzk"},"_color":{"__type__":"cc.Color","r":231,"g":231,"b":77},"_anchorPoint":{"__type__":"cc.Vec2","y":0.5},"_contentSize":{"__type__":"cc.Size","width":220,"height":40},"_position":{"__type__":"cc.Vec2","x":-150}},{"__type__":"cc.Node","_name":"score","_parent":{"__id__":8},"_components":[{"__type__":"cc.Label","node":{"__id__":12},"_useOriginalSize":false,"_actualFontSize":24,"_fontSize":24,"_lineHeight":30,"_enableWrapText":false,"_N$string":"+5000(-500)","_N$horizontalAlign":1,"_N$verticalAlign":1}],"_prefab":{"__type__":"cc.PrefabInfo","root":{"__id__":1},"asset":{"__uuid__":"15DKHK0GpFtbmGd+S1pP4O"},"fileId":"fffze09RpPhb0PjMi59psb"},"_color":{"__type__":"cc.Color","r":231,"g":231,"b":77},"_contentSize":{"__type__":"cc.Size","width":131,"height":30},"_position":{"__type__":"cc.Vec2","x":140}},{"__type__":"cc.Node","_name":"icoDYJ","_parent":{"__id__":8},"_children":[{"__id__":14}],"_components":[{"__type__":"cc.Sprite","node":{"__id__":13},"_spriteFrame":{"__uuid__":"39f4opuVpGM6xyswsuKWZU"}}],"_prefab":{"__type__":"cc.PrefabInfo","root":{"__id__":1},"asset":{"__uuid__":"15DKHK0GpFtbmGd+S1pP4O"},"fileId":"fccO/oZVpHEo32yu+lfRmx"},"_contentSize":{"__type__":"cc.Size","width":55,"height":78},"_position":{"__type__":"cc.Vec2","x":-191}},{"__type__":"cc.Node","_name":"icoDYJ1","_parent":{"__id__":13},"_active":false,"_components":[{"__type__":"cc.Sprite","node":{"__id__":14},"_spriteFrame":{"__uuid__":"42bRnlYqdNPo6vj8iF5jwW"}}],"_prefab":{"__type__":"cc.PrefabInfo","root":{"__id__":1},"asset":{"__uuid__":"15DKHK0GpFtbmGd+S1pP4O"},"fileId":"92rb9Tm/1Dsoo/YbQ3BYSk"},"_contentSize":{"__type__":"cc.Size","width":55,"height":78}},{"__type__":"cc.Node","_name":"info1","_parent":{"__id__":2},"_components":[{"__id__":16}],"_prefab":{"__type__":"cc.PrefabInfo","root":{"__id__":1},"asset":{"__uuid__":"15DKHK0GpFtbmGd+S1pP4O"},"fileId":"00a9ZXBCpFhr3sI5qyJ0Iz"},"_color":{"__type__":"cc.Color","r":231,"g":231,"b":77},"_anchorPoint":{"__type__":"cc.Vec2","y":0.5},"_contentSize":{"__type__":"cc.Size","width":112,"height":30},"_position":{"__type__":"cc.Vec2","x":-221,"y":-308}},{"__type__":"cc.Label","node":{"__id__":15},"_useOriginalSize":false,"_actualFontSize":20,"_fontSize":20,"_lineHeight":30,"_N$string":"房号:444444","_N$verticalAlign":1},{"__type__":"cc.Node","_name":"info2","_parent":{"__id__":2},"_components":[{"__id__":18}],"_prefab":{"__type__":"cc.PrefabInfo","root":{"__id__":1},"asset":{"__uuid__":"15DKHK0GpFtbmGd+S1pP4O"},"fileId":"b57K4XW4BMO6zMKNK6l2q1"},"_color":{"__type__":"cc.Color","r":231,"g":231,"b":77},"_contentSize":{"__type__":"cc.Size","width":129,"height":30},"_position":{"__type__":"cc.Vec2","x":30,"y":-308}},{"__type__":"cc.Label","node":{"__id__":17},"_useOriginalSize":false,"_actualFontSize":20,"_fontSize":20,"_lineHeight":30,"_N$string":"6月22日 14:28","_N$verticalAlign":1},{"__type__":"cc.Node","_name":"info3","_parent":{"__id__":2},"_components":[{"__id__":20}],"_prefab":{"__type__":"cc.PrefabInfo","root":{"__id__":1},"asset":{"__uuid__":"15DKHK0GpFtbmGd+S1pP4O"},"fileId":"b8xPS0dOFK/bcTFb7FfkAm"},"_color":{"__type__":"cc.Color","r":231,"g":231,"b":77},"_anchorPoint":{"__type__":"cc.Vec2","x":1,"y":0.5},"_contentSize":{"__type__":"cc.Size","width":42,"height":30},"_position":{"__type__":"cc.Vec2","x":221,"y":-308}},{"__type__":"cc.Label","node":{"__id__":19},"_useOriginalSize":false,"_actualFontSize":20,"_fontSize":20,"_lineHeight":30,"_N$string":"24盘","_N$verticalAlign":1},{"__type__":"cc.Node","_name":"info4","_parent":{"__id__":2},"_components":[{"__id__":22}],"_prefab":{"__type__":"cc.PrefabInfo","root":{"__id__":1},"asset":{"__uuid__":"15DKHK0GpFtbmGd+S1pP4O"},"fileId":"d1wVFa5Z1GR60uE28PwidX"},"_color":{"__type__":"cc.Color","r":231,"g":231,"b":77},"_anchorPoint":{"__type__":"cc.Vec2","y":0.5},"_contentSize":{"__type__":"cc.Size","width":352,"height":30},"_position":{"__type__":"cc.Vec2","x":-221,"y":-338}},{"__type__":"cc.Label","node":{"__id__":21},"_useOriginalSize":false,"_actualFontSize":20,"_fontSize":20,"_lineHeight":30,"_N$string":"玩法:明牌抢庄,牛牛5/牛九4/牛八3/牛七2","_N$verticalAlign":1}],{"__type__":"cc.SpriteFrame","content":{"name":"icoDYJ","texture":"1f55f4f7a","rect":[2,2,55,78],"offset":[0,0],"originalSize":[55,78]}},{"__type__":"cc.SpriteFrame","content":{"name":"icoDYJ1","texture":"1f55f4f7a","rect":[2,84,55,78],"offset":[0,0],"originalSize":[55,78]}},{"__type__":"cc.SpriteFrame","content":{"name":"btnCABC2","texture":"1f55f4f7a","rect":[61,81,229,70],"offset":[0,0],"originalSize":[229,70]}},{"__type__":"cc.SpriteFrame","content":{"name":"btnZJHC2","texture":"1f55f4f7a","rect":[240,155,229,70],"offset":[0,0],"originalSize":[229,70]}},{"__type__":"cc.SpriteFrame","content":{"name":"bgGameover","texture":"2dPGVfEt5B/Zp+AX7o+BPa","rect":[0,0,640,1100],"offset":[0,0],"originalSize":[640,1100],"capInsets":[0,887,0,126]}}]