{"__type__":"cc.SpriteAtlas","_spriteFrames":{"bgGame1":{"__uuid__":"6b+otDkKNGbaF7LI30DYP+"},"bgS":{"__uuid__":"14iZPmkWRC+oMiG2qUh43A"},"bg1":{"__uuid__":"5fdZRT5EpEXqhWOIskC13R"},"share":{"__uuid__":"38of2mOrZAMLouoHiBfBwL"},"bg2":{"__uuid__":"ecDgmV4j9KsoiecY4ZHIkJ"},"bgGame2":{"__uuid__":"1dt7cEHjBGOJMFxdPs0S8b"},"icoGJ":{"__uuid__":"795O0hVKhKsqzZjxUyMSoR"},"bg3":{"__uuid__":"1556aNy3JFWZLP0s06PIx0"},"bg4":{"__uuid__":"55gdRdp8hOYJGVZfMk/b4j"},"icoXin":{"__uuid__":"33CPEvNEROOIQtynrgtFnI"},"icoJiantou":{"__uuid__":"392pzFi3BNwKR8n379XcOY"}}}