[{"__type__":"cc.SpriteFrame","content":{"name":"labQi","texture":"1de93ff4e","rect":[41,44,36,36],"offset":[0,0],"originalSize":[36,36]}},[{"__type__":"cc.Prefab","_name":"AnimWait","data":{"__id__":1},"asyncLoadAssets":null},{"__type__":"cc.Node","_name":"AnimWait","_children":[{"__id__":2},{"__id__":3},{"__id__":4},{"__id__":5},{"__id__":6},{"__id__":7},{"__id__":8},{"__id__":9},{"__id__":10}],"_components":[{"__type__":"cc.Layout","node":{"__id__":1},"_layoutSize":{"__type__":"cc.Size","width":232},"_resize":1,"_N$layoutType":1}],"_prefab":{"__type__":"cc.PrefabInfo","root":{"__id__":1},"asset":{"__uuid__":"0amfVG43JKD5l5uSO2mpLN"},"fileId":"1fNwChDGJL2ItsUHk4pz1+"},"_contentSize":{"__type__":"cc.Size","width":232}},{"__type__":"cc.Node","_name":"labDeng","_parent":{"__id__":1},"_components":[{"__type__":"cc.Sprite","node":{"__id__":2},"_spriteFrame":{"__uuid__":"b6iYdFTBFGDJSz3gb9Ze+R"}}],"_prefab":{"__type__":"cc.PrefabInfo","root":{"__id__":1},"asset":{"__uuid__":"0amfVG43JKD5l5uSO2mpLN"},"fileId":"99YtwILqtFHKaD7JDCBigu"},"_contentSize":{"__type__":"cc.Size","width":33,"height":34},"_position":{"__type__":"cc.Vec2","x":-99.5}},{"__type__":"cc.Node","_name":"labDai","_parent":{"__id__":1},"_components":[{"__type__":"cc.Sprite","node":{"__id__":3},"_spriteFrame":{"__uuid__":"2eXGed/TlEZqlV408N8IWZ"}}],"_prefab":{"__type__":"cc.PrefabInfo","root":{"__id__":1},"asset":{"__uuid__":"0amfVG43JKD5l5uSO2mpLN"},"fileId":"06ESD7f7JIXYgUvxD8fGjg"},"_contentSize":{"__type__":"cc.Size","width":34,"height":34},"_position":{"__type__":"cc.Vec2","x":-66}},{"__type__":"cc.Node","_name":"labQi","_parent":{"__id__":1},"_components":[{"__type__":"cc.Sprite","node":{"__id__":4},"_spriteFrame":{"__uuid__":"01iCW3lmlKTYkue1zJDxeo"}}],"_prefab":{"__type__":"cc.PrefabInfo","root":{"__id__":1},"asset":{"__uuid__":"0amfVG43JKD5l5uSO2mpLN"},"fileId":"56ND/zh5pO8ro76qzHExBP"},"_contentSize":{"__type__":"cc.Size","width":33,"height":34},"_position":{"__type__":"cc.Vec2","x":-32.5}},{"__type__":"cc.Node","_name":"labTa","_parent":{"__id__":1},"_components":[{"__type__":"cc.Sprite","node":{"__id__":5},"_spriteFrame":{"__uuid__":"81z4rDmCROtaUHW8WXhNV0"}}],"_prefab":{"__type__":"cc.PrefabInfo","root":{"__id__":1},"asset":{"__uuid__":"0amfVG43JKD5l5uSO2mpLN"},"fileId":"32/0W8KvJLfqG6B07h520y"},"_contentSize":{"__type__":"cc.Size","width":34,"height":32},"_position":{"__type__":"cc.Vec2","x":1}},{"__type__":"cc.Node","_name":"lanWan","_parent":{"__id__":1},"_components":[{"__type__":"cc.Sprite","node":{"__id__":6},"_spriteFrame":{"__uuid__":"e05PKx8ahPmJoan33aWI3c"}}],"_prefab":{"__type__":"cc.PrefabInfo","root":{"__id__":1},"asset":{"__uuid__":"0amfVG43JKD5l5uSO2mpLN"},"fileId":"2fU0mDebFB4LF2vNT4ghJI"},"_contentSize":{"__type__":"cc.Size","width":36,"height":34},"_position":{"__type__":"cc.Vec2","x":36}},{"__type__":"cc.Node","_name":"lanJia","_parent":{"__id__":1},"_components":[{"__type__":"cc.Sprite","node":{"__id__":7},"_spriteFrame":{"__uuid__":"68dDHYb5VCJ4bJFV2ELYQ+"}}],"_prefab":{"__type__":"cc.PrefabInfo","root":{"__id__":1},"asset":{"__uuid__":"0amfVG43JKD5l5uSO2mpLN"},"fileId":"9cSjM7I7lH7aS3ixp4GfG5"},"_contentSize":{"__type__":"cc.Size","width":35,"height":37},"_position":{"__type__":"cc.Vec2","x":71.5}},{"__type__":"cc.Node","_name":"dian","_parent":{"__id__":1},"_components":[{"__type__":"cc.Sprite","node":{"__id__":8},"_spriteFrame":{"__uuid__":"9c3TVa9TVGCqNRlCjafWve"}}],"_prefab":{"__type__":"cc.PrefabInfo","root":{"__id__":1},"asset":{"__uuid__":"0amfVG43JKD5l5uSO2mpLN"},"fileId":"18CBnc8vREmLZR/1typHVb"},"_contentSize":{"__type__":"cc.Size","width":9,"height":10},"_position":{"__type__":"cc.Vec2","x":93.5}},{"__type__":"cc.Node","_name":"dian","_parent":{"__id__":1},"_components":[{"__type__":"cc.Sprite","node":{"__id__":9},"_spriteFrame":{"__uuid__":"9c3TVa9TVGCqNRlCjafWve"}}],"_prefab":{"__type__":"cc.PrefabInfo","root":{"__id__":1},"asset":{"__uuid__":"0amfVG43JKD5l5uSO2mpLN"},"fileId":"4c06kgW/NIe46K/Cxniz7I"},"_contentSize":{"__type__":"cc.Size","width":9,"height":10},"_position":{"__type__":"cc.Vec2","x":102.5}},{"__type__":"cc.Node","_name":"dian","_parent":{"__id__":1},"_components":[{"__type__":"cc.Sprite","node":{"__id__":10},"_spriteFrame":{"__uuid__":"9c3TVa9TVGCqNRlCjafWve"}}],"_prefab":{"__type__":"cc.PrefabInfo","root":{"__id__":1},"asset":{"__uuid__":"0amfVG43JKD5l5uSO2mpLN"},"fileId":"b3V/wnp5pA+a4fAr03EWIM"},"_contentSize":{"__type__":"cc.Size","width":9,"height":10},"_position":{"__type__":"cc.Vec2","x":111.5}}],{"__type__":"cc.SpriteFrame","content":{"name":"labDai","texture":"1de93ff4e","rect":[42,2,36,36],"offset":[0,0],"originalSize":[36,36]}},{"__type__":"cc.SpriteFrame","content":{"name":"labJia","texture":"1de93ff4e","rect":[2,44,35,37],"offset":[0,0],"originalSize":[35,37]}},{"__type__":"cc.SpriteFrame","content":{"name":"labTa","texture":"1de93ff4e","rect":[2,125,35,36],"offset":[0,0],"originalSize":[35,36]}},{"__type__":"cc.SpriteFrame","content":{"name":"labDian","texture":"1de93ff4e","rect":[81,81,9,10],"offset":[0,0],"originalSize":[9,10]}},{"__type__":"cc.SpriteFrame","content":{"name":"labDeng","texture":"1de93ff4e","rect":[2,85,35,36],"offset":[0,0],"originalSize":[35,36]}},{"__type__":"cc.SpriteFrame","content":{"name":"labWan","texture":"1de93ff4e","rect":[41,124,36,34],"offset":[0,0],"originalSize":[36,34]}}]