{"__type__":"cc.SpriteAtlas","_spriteFrames":{"icoYouxikaishi":{"__uuid__":"98kGk1YepCMrkmy0Fpk7TZ"},"bg1":{"__uuid__":"8e92UUClhDtZPzzdcjihXM"},"bgChoose":{"__uuid__":"07EAoRCVlDA4mcHJgvq/nt"},"btnLiaotian":{"__uuid__":"0abFZRchpOkb6TIGBoXkNC"},"labName":{"__uuid__":"5aH4irsaVHcKx/LWT66Ru1"},"btnYuyin":{"__uuid__":"7eSOJXfbpIWY9UVHe9aFYz"},"bgShow":{"__uuid__":"70pGTKcwBP1Jts7ax0h4FX"},"bgXiafen":{"__uuid__":"f2c6pXQmFDYIo9a7rIkPgy"},"btnKS":{"__uuid__":"eaqaUvAxlKD4pPQHdV1GhS"},"bg5":{"__uuid__":"1brGSL3NZDsIIoMlSe++JK"},"bg6":{"__uuid__":"34/aNzPk1GGLNJw5AuuhAh"},"bg4":{"__uuid__":"c5xjAGwNhE7J7n3bDE0Eyl"},"icoKS":{"__uuid__":"664fh2Sh1PgZiXaJrteTxR"},"btnWanjia":{"__uuid__":"4fcn2azKxJdImu+mPAeQwC"},"bgInfo":{"__uuid__":"2efNUTWvtJXrrqz6RC8KD0"},"btnGengduo":{"__uuid__":"e1kepLw71GxrZTTgYRApqO"},"jiantou":{"__uuid__":"47HvM9YhBOFY7gBQnTfM+T"},"bg2":{"__uuid__":"59ZX7w6TVPN4bAxs38TxOj"}}}