{"__type__":"cc.SpriteAtlas","_spriteFrames":{"labDai":{"__uuid__":"2eXGed/TlEZqlV408N8IWZ"},"labDeng":{"__uuid__":"b6iYdFTBFGDJSz3gb9Ze+R"},"labJia":{"__uuid__":"68dDHYb5VCJ4bJFV2ELYQ+"},"labQi":{"__uuid__":"01iCW3lmlKTYkue1zJDxeo"},"labXi":{"__uuid__":"9dJudgSEhGi6J+FmAI6wK/"},"labKai":{"__uuid__":"acos29rE9KFJYAdlcBwXnw"},"labMa":{"__uuid__":"828c1Ny/NCaoNPKBQQaMVu"},"labWan":{"__uuid__":"e05PKx8ahPmJoan33aWI3c"},"labShang":{"__uuid__":"4dy3Q2KAJBSLmTY9twWPev"},"labShi":{"__uuid__":"bfZE0dQNRBD7hZjI3J49qt"},"labYou":{"__uuid__":"da8ZYHRhFPb6y4MFVplY35"},"labTa":{"__uuid__":"81z4rDmCROtaUHW8WXhNV0"},"labDian":{"__uuid__":"9c3TVa9TVGCqNRlCjafWve"}}}