[{"__type__":"cc.SpriteFrame","content":{"name":"ico1","texture":"184b31dd8","rect":[155,2,26,27],"offset":[0,0],"originalSize":[26,27]}},{"__type__":"cc.SpriteFrame","content":{"name":"ico4","texture":"184b31dd8","rect":[140,190,25,25],"offset":[0,0],"originalSize":[25,25]}},{"__type__":"cc.SpriteFrame","content":{"name":"icoLoad","texture":"184b31dd8","rect":[2,190,77,73],"offset":[0,0],"originalSize":[77,73]}},[{"__type__":"cc.SceneAsset","_name":"Load","scene":{"__id__":1},"asyncLoadAssets":null},{"__type__":"cc.Scene","_name":"New Node","_children":[{"__id__":2},{"__id__":12}],"_anchorPoint":{"__type__":"cc.Vec2"},"autoReleaseAssets":false},{"__type__":"cc.Node","_name":"Canvas","_parent":{"__id__":1},"_children":[{"__id__":3},{"__id__":4},{"__id__":7}],"_components":[{"__type__":"cc.Canvas","node":{"__id__":2},"_designResolution":{"__type__":"cc.Size","width":640,"height":1000},"_fitWidth":true,"_fitHeight":false},{"__type__":"a84beUHYlVCLpTvnog61qgK","node":{"__id__":2},"icoLoad1":{"__id__":4},"icoLoad2":{"__id__":7}}],"_id":"cfxSOeZXpLG7LL5lUbCQB9","_contentSize":{"__type__":"cc.Size","width":640,"height":1000},"_position":{"__type__":"cc.Vec2","x":320,"y":500}},{"__type__":"cc.Node","_name":"bg","_parent":{"__id__":2},"_components":[{"__type__":"cc.Sprite","node":{"__id__":3},"_spriteFrame":{"__uuid__":"a2MjXRFdtLlYQ5ouAFv/+R"},"_sizeMode":0},{"__type__":"cc.Widget","node":{"__id__":3},"_alignFlags":45,"_originalWidth":640,"_originalHeight":1000}],"_color":{"__type__":"cc.Color"},"_contentSize":{"__type__":"cc.Size","width":640,"height":1000}},{"__type__":"cc.Node","_name":"load1","_parent":{"__id__":2},"_children":[{"__id__":5},{"__id__":6}],"_active":false,"_components":[{"__type__":"cc.Label","node":{"__id__":4},"_useOriginalSize":false,"_actualFontSize":26,"_fontSize":26,"_lineHeight":26,"_N$string":"加载中","_N$horizontalAlign":1,"_N$verticalAlign":1}],"_color":{"__type__":"cc.Color","r":249,"g":224,"b":255},"_contentSize":{"__type__":"cc.Size","width":78,"height":26},"_position":{"__type__":"cc.Vec2","y":-50}},{"__type__":"cc.Node","_name":"icoLoad","_parent":{"__id__":4},"_components":[{"__type__":"cc.Sprite","node":{"__id__":5},"_spriteFrame":{"__uuid__":"46/o6iS5VJiJa3Mh3j3ZKu"}}],"_contentSize":{"__type__":"cc.Size","width":77,"height":73},"_scaleX":1.5,"_scaleY":1.5,"_position":{"__type__":"cc.Vec2","y":85}},{"__type__":"cc.Node","_name":"splash1","_parent":{"__id__":4},"_components":[{"__type__":"cc.Sprite","node":{"__id__":6},"_spriteFrame":{"__uuid__":"acOb0uy7VEJYHxntX2A2m1"}}],"_contentSize":{"__type__":"cc.Size","width":56,"height":64},"_scaleX":0.9,"_scaleY":0.9,"_position":{"__type__":"cc.Vec2","y":85}},{"__type__":"cc.Node","_name":"load2","_parent":{"__id__":2},"_children":[{"__id__":8},{"__id__":9},{"__id__":10},{"__id__":11}],"_active":false},{"__type__":"cc.Node","_name":"ico1","_parent":{"__id__":7},"_components":[{"__type__":"cc.Sprite","node":{"__id__":8},"_spriteFrame":{"__uuid__":"00+eCZimhGe5+Vc7Ai7fjH"}}],"_contentSize":{"__type__":"cc.Size","width":26,"height":27},"_scaleX":0,"_scaleY":0,"_position":{"__type__":"cc.Vec2","x":-60}},{"__type__":"cc.Node","_name":"ico2","_parent":{"__id__":7},"_components":[{"__type__":"cc.Sprite","node":{"__id__":9},"_spriteFrame":{"__uuid__":"c5hrSQsdlOdYEhr6g4Nnzs"}}],"_contentSize":{"__type__":"cc.Size","width":25,"height":22},"_scaleX":0,"_scaleY":0,"_position":{"__type__":"cc.Vec2","x":-20}},{"__type__":"cc.Node","_name":"ico3","_parent":{"__id__":7},"_components":[{"__type__":"cc.Sprite","node":{"__id__":10},"_spriteFrame":{"__uuid__":"c3xQ4bJqlCN71zd2ujA6ut"}}],"_contentSize":{"__type__":"cc.Size","width":25,"height":25},"_scaleX":0,"_scaleY":0,"_position":{"__type__":"cc.Vec2","x":20}},{"__type__":"cc.Node","_name":"ico4","_parent":{"__id__":7},"_components":[{"__type__":"cc.Sprite","node":{"__id__":11},"_spriteFrame":{"__uuid__":"1bqKrHG1RAspzQQTEgB5N5"}}],"_contentSize":{"__type__":"cc.Size","width":25,"height":25},"_scaleX":0,"_scaleY":0,"_position":{"__type__":"cc.Vec2","x":60}},{"__type__":"cc.Node","_name":"Mask","_parent":{"__id__":1},"_children":[{"__id__":13},{"__id__":14}],"_components":[{"__type__":"cc.Widget","node":{"__id__":12},"isAlignOnce":false,"_alignFlags":45},{"__type__":"9b956aGBhNCcbxCpU76/OMX","node":{"__id__":12},"labJZ":{"__id__":16},"labWL":{"__id__":18}}],"_prefab":{"__type__":"cc.PrefabInfo","root":{"__id__":12},"fileId":"e9v1WXVLFDqLaLUNhG0gcJ"},"_id":"f11XByFyJLFp6VqCXBU5lp","_contentSize":{"__type__":"cc.Size","width":640,"height":1000},"_position":{"__type__":"cc.Vec2","x":320,"y":500}},{"__type__":"cc.Node","_name":"M","_parent":{"__id__":12},"_components":[{"__type__":"cc.Sprite","node":{"__id__":13},"_spriteFrame":{"__uuid__":"a2MjXRFdtLlYQ5ouAFv/+R"},"_sizeMode":0},{"__type__":"cc.Button","node":{"__id__":13},"_N$target":{"__id__":13}},{"__type__":"cc.Widget","node":{"__id__":13},"isAlignOnce":false,"_alignFlags":45,"_originalWidth":720,"_originalHeight":960}],"_prefab":{"__type__":"cc.PrefabInfo","root":{"__id__":12},"fileId":"10HgMpfhBKibidIVJEYtuF"},"_opacity":100,"_color":{"__type__":"cc.Color"},"_contentSize":{"__type__":"cc.Size","width":640,"height":1000},"_scaleX":0,"_scaleY":0},{"__type__":"cc.Node","_name":"bg","_parent":{"__id__":12},"_children":[{"__id__":15},{"__id__":17}],"_active":false,"_components":[{"__type__":"cc.Layout","node":{"__id__":14},"_layoutSize":{"__type__":"cc.Size","width":251,"height":70},"_resize":1,"_N$paddingLeft":20,"_N$paddingRight":20,"_N$paddingTop":10,"_N$paddingBottom":10},{"__type__":"cc.Sprite","node":{"__id__":14},"_spriteFrame":{"__uuid__":"abA+rbPWZLeZiJe7+GCQ9C"},"_type":1,"_sizeMode":0}],"_prefab":{"__type__":"cc.PrefabInfo","root":{"__id__":12},"fileId":"3dma0VXtNBd4nJmObhyNW7"},"_contentSize":{"__type__":"cc.Size","width":251,"height":70}},{"__type__":"cc.Node","_name":"labJZ","_parent":{"__id__":14},"_active":false,"_components":[{"__id__":16}],"_prefab":{"__type__":"cc.PrefabInfo","root":{"__id__":12},"fileId":"7aINqjNChA/YvLgcmV+7R+"},"_color":{"__type__":"cc.Color","r":150,"g":150,"b":150},"_contentSize":{"__type__":"cc.Size","width":211,"height":50}},{"__type__":"cc.Label","node":{"__id__":15},"_useOriginalSize":false,"_lineHeight":50,"_isSystemFontUsed":false,"_N$string":"资源加载中.","_N$horizontalAlign":1,"_N$verticalAlign":1},{"__type__":"cc.Node","_name":"labWL","_parent":{"__id__":14},"_active":false,"_components":[{"__id__":18}],"_prefab":{"__type__":"cc.PrefabInfo","root":{"__id__":12},"fileId":"f2W63IZ2dLl79n9TFULP3o"},"_color":{"__type__":"cc.Color","r":150,"g":150,"b":150},"_contentSize":{"__type__":"cc.Size","width":211,"height":50}},{"__type__":"cc.Label","node":{"__id__":17},"_useOriginalSize":false,"_lineHeight":50,"_isSystemFontUsed":false,"_N$string":"网络连接中.","_N$horizontalAlign":1,"_N$verticalAlign":1}],{"__type__":"cc.SpriteFrame","content":{"name":"default_sprite_splash","texture":"02delMVqdBD70a/HSD99FK","rect":[0,0,2,2],"offset":[0,0],"originalSize":[2,2]}},{"__type__":"cc.SpriteFrame","content":{"name":"bgBox","texture":"184b31dd8","rect":[74,2,77,71],"offset":[0,0],"originalSize":[77,71],"capInsets":[26,25,28,26]}},{"__type__":"cc.SpriteFrame","content":{"name":"splash1","texture":"184b31dd8","rect":[2,267,56,64],"offset":[0,0],"originalSize":[56,64]}},{"__type__":"cc.SpriteFrame","content":{"name":"ico3","texture":"184b31dd8","rect":[46,335,25,25],"offset":[0,0],"originalSize":[25,25]}},{"__type__":"cc.SpriteFrame","content":{"name":"ico2","texture":"184b31dd8","rect":[74,77,25,22],"offset":[0,0],"originalSize":[25,22]}}]