[[{"__type__":"cc.Prefab","_name":"AnimXiayiju","data":{"__id__":1},"asyncLoadAssets":null},{"__type__":"cc.Node","_name":"AnimXiayiju","_children":[{"__id__":2},{"__id__":3},{"__id__":4},{"__id__":5},{"__id__":6},{"__id__":7},{"__id__":8},{"__id__":9},{"__id__":10}],"_components":[{"__type__":"cc.Layout","node":{"__id__":1},"_layoutSize":{"__type__":"cc.Size","width":214},"_resize":1,"_N$layoutType":1},{"__type__":"cc.Widget","node":{"__id__":1},"isAlignOnce":false,"_alignFlags":4,"_bottom":350}],"_prefab":{"__type__":"cc.PrefabInfo","root":{"__id__":1},"asset":{"__uuid__":"20YsDUIV9CtLU+xq0/doCt"},"fileId":"28Lcit/3xHdaQxaiHABol3"},"_contentSize":{"__type__":"cc.Size","width":214},"_position":{"__type__":"cc.Vec2","y":350}},{"__type__":"cc.Node","_name":"labYou","_parent":{"__id__":1},"_components":[{"__type__":"cc.Sprite","node":{"__id__":2},"_spriteFrame":{"__uuid__":"da8ZYHRhFPb6y4MFVplY35"}}],"_prefab":{"__type__":"cc.PrefabInfo","root":{"__id__":1},"asset":{"__uuid__":"20YsDUIV9CtLU+xq0/doCt"},"fileId":"62W0iGl6RM3LSrdWkORvYR"},"_contentSize":{"__type__":"cc.Size","width":32,"height":34},"_position":{"__type__":"cc.Vec2","x":-91}},{"__type__":"cc.Node","_name":"labXi","_parent":{"__id__":1},"_components":[{"__type__":"cc.Sprite","node":{"__id__":3},"_spriteFrame":{"__uuid__":"9dJudgSEhGi6J+FmAI6wK/"}}],"_prefab":{"__type__":"cc.PrefabInfo","root":{"__id__":1},"asset":{"__uuid__":"20YsDUIV9CtLU+xq0/doCt"},"fileId":"edtmLUJRZDl6wivvtKqN6j"},"_contentSize":{"__type__":"cc.Size","width":34,"height":36},"_position":{"__type__":"cc.Vec2","x":-58}},{"__type__":"cc.Node","_name":"labMa","_parent":{"__id__":1},"_components":[{"__type__":"cc.Sprite","node":{"__id__":4},"_spriteFrame":{"__uuid__":"828c1Ny/NCaoNPKBQQaMVu"}}],"_prefab":{"__type__":"cc.PrefabInfo","root":{"__id__":1},"asset":{"__uuid__":"20YsDUIV9CtLU+xq0/doCt"},"fileId":"b6dpvqPFNByYmC5XbEN3os"},"_contentSize":{"__type__":"cc.Size","width":27,"height":35},"_position":{"__type__":"cc.Vec2","x":-27.5}},{"__type__":"cc.Node","_name":"labShang","_parent":{"__id__":1},"_components":[{"__type__":"cc.Sprite","node":{"__id__":5},"_spriteFrame":{"__uuid__":"4dy3Q2KAJBSLmTY9twWPev"}}],"_prefab":{"__type__":"cc.PrefabInfo","root":{"__id__":1},"asset":{"__uuid__":"20YsDUIV9CtLU+xq0/doCt"},"fileId":"5e+wDnO0NFA4Ex4jP0d6WX"},"_contentSize":{"__type__":"cc.Size","width":29,"height":34},"_position":{"__type__":"cc.Vec2","x":0.5}},{"__type__":"cc.Node","_name":"labKai","_parent":{"__id__":1},"_components":[{"__type__":"cc.Sprite","node":{"__id__":6},"_spriteFrame":{"__uuid__":"acos29rE9KFJYAdlcBwXnw"}}],"_prefab":{"__type__":"cc.PrefabInfo","root":{"__id__":1},"asset":{"__uuid__":"20YsDUIV9CtLU+xq0/doCt"},"fileId":"9cl5nGzelIi5s3/fgt4426"},"_contentSize":{"__type__":"cc.Size","width":29,"height":35},"_position":{"__type__":"cc.Vec2","x":29.5}},{"__type__":"cc.Node","_name":"labShi","_parent":{"__id__":1},"_components":[{"__type__":"cc.Sprite","node":{"__id__":7},"_spriteFrame":{"__uuid__":"bfZE0dQNRBD7hZjI3J49qt"}}],"_prefab":{"__type__":"cc.PrefabInfo","root":{"__id__":1},"asset":{"__uuid__":"20YsDUIV9CtLU+xq0/doCt"},"fileId":"3fJCuCODlBP5gaHMgB7okW"},"_contentSize":{"__type__":"cc.Size","width":33,"height":34},"_position":{"__type__":"cc.Vec2","x":60.5}},{"__type__":"cc.Node","_name":"dian","_parent":{"__id__":1},"_components":[{"__type__":"cc.Sprite","node":{"__id__":8},"_spriteFrame":{"__uuid__":"9c3TVa9TVGCqNRlCjafWve"}}],"_prefab":{"__type__":"cc.PrefabInfo","root":{"__id__":1},"asset":{"__uuid__":"20YsDUIV9CtLU+xq0/doCt"},"fileId":"f5+WJIxoVAeKJ53DTIXu0p"},"_contentSize":{"__type__":"cc.Size","width":10,"height":12},"_position":{"__type__":"cc.Vec2","x":82}},{"__type__":"cc.Node","_name":"dian","_parent":{"__id__":1},"_components":[{"__type__":"cc.Sprite","node":{"__id__":9},"_spriteFrame":{"__uuid__":"9c3TVa9TVGCqNRlCjafWve"}}],"_prefab":{"__type__":"cc.PrefabInfo","root":{"__id__":1},"asset":{"__uuid__":"20YsDUIV9CtLU+xq0/doCt"},"fileId":"23ibwXx+5JLbf9WsnuAuA0"},"_contentSize":{"__type__":"cc.Size","width":10,"height":12},"_position":{"__type__":"cc.Vec2","x":92}},{"__type__":"cc.Node","_name":"dian","_parent":{"__id__":1},"_components":[{"__type__":"cc.Sprite","node":{"__id__":10},"_spriteFrame":{"__uuid__":"9c3TVa9TVGCqNRlCjafWve"}}],"_prefab":{"__type__":"cc.PrefabInfo","root":{"__id__":1},"asset":{"__uuid__":"20YsDUIV9CtLU+xq0/doCt"},"fileId":"fdWWcdTCtHOavAsVp1LDRW"},"_contentSize":{"__type__":"cc.Size","width":10,"height":12},"_position":{"__type__":"cc.Vec2","x":102}}],{"__type__":"cc.SpriteFrame","content":{"name":"labShang","texture":"1de93ff4e","rect":[113,2,29,34],"offset":[0,0],"originalSize":[29,34]}},{"__type__":"cc.SpriteFrame","content":{"name":"labMa","texture":"1de93ff4e","rect":[37,43,27,35],"offset":[0,0],"originalSize":[27,35]}},{"__type__":"cc.SpriteFrame","content":{"name":"labDian","texture":"1de93ff4e","rect":[2,202,10,12],"offset":[0,0],"originalSize":[10,12]}},{"__type__":"cc.SpriteFrame","content":{"name":"labXi","texture":"1de93ff4e","rect":[75,2,34,36],"offset":[0,0],"originalSize":[34,36]}},{"__type__":"cc.SpriteFrame","content":{"name":"labKai","texture":"1de93ff4e","rect":[2,125,29,35],"offset":[0,0],"originalSize":[29,35]}},{"__type__":"cc.SpriteFrame","content":{"name":"labShi","texture":"1de93ff4e","rect":[2,164,33,34],"offset":[0,0],"originalSize":[33,34]}},{"__type__":"cc.SpriteFrame","content":{"name":"labYou","texture":"1de93ff4e","rect":[39,82,32,34],"offset":[0,0],"originalSize":[32,34]}}]