[{"__type__":"cc.SpriteFrame","content":{"name":"bar2","texture":"1dded0156","rect":[2,473,398,15],"offset":[0,0],"originalSize":[398,15]}},[{"__type__":"cc.Prefab","_name":"Loading","data":{"__id__":1},"asyncLoadAssets":null},{"__type__":"cc.Node","_name":"Loading","_children":[{"__id__":2},{"__id__":3},{"__id__":4},{"__id__":6}],"_components":[{"__type__":"cc.Sprite","node":{"__id__":1},"_spriteFrame":{"__uuid__":"f3Myvkp8dLaIlMbiJJ2DV1"},"_sizeMode":0},{"__type__":"cc.Widget","node":{"__id__":1},"isAlignOnce":false,"_alignFlags":5,"_originalWidth":640,"_originalHeight":1000},{"__type__":"d0681zTcSFET44lMGoGqH+N","node":{"__id__":1},"barLoading":{"__id__":5},"labTip":{"__id__":7},"gameName":"Game"}],"_prefab":{"__type__":"cc.PrefabInfo","root":{"__id__":1},"asset":{"__uuid__":"3cv1AbhARIm7gWnjQ0QYjH"},"fileId":"e8H1PLvUNPFKUGUuwxgfRW"},"_contentSize":{"__type__":"cc.Size","width":640,"height":1100},"_position":{"__type__":"cc.Vec2","y":550}},{"__type__":"cc.Node","_name":"loading1","_parent":{"__id__":1},"_active":false,"_components":[{"__type__":"cc.Sprite","node":{"__id__":2},"_spriteFrame":{"__uuid__":"47siNBMMpA8IfIYaY7myBB"},"_sizeMode":0},{"__type__":"cc.Widget","node":{"__id__":2},"isAlignOnce":false,"_alignFlags":5,"_originalHeight":1100}],"_prefab":{"__type__":"cc.PrefabInfo","root":{"__id__":1},"asset":{"__uuid__":"3cv1AbhARIm7gWnjQ0QYjH"},"fileId":"718FkRUU1JeaJF2x9J2YD1"},"_contentSize":{"__type__":"cc.Size","width":640,"height":1100}},{"__type__":"cc.Node","_name":"bar1","_parent":{"__id__":1},"_components":[{"__type__":"cc.Sprite","node":{"__id__":3},"_spriteFrame":{"__uuid__":"50NmhkeZVCDa3Ipj2Qb3dP"},"_type":1,"_sizeMode":0}],"_prefab":{"__type__":"cc.PrefabInfo","root":{"__id__":1},"asset":{"__uuid__":"3cv1AbhARIm7gWnjQ0QYjH"},"fileId":"8fVdFpDJ5Gy5DnBZyo3Y5Y"},"_contentSize":{"__type__":"cc.Size","width":410,"height":34},"_position":{"__type__":"cc.Vec2","y":-198}},{"__type__":"cc.Node","_name":"bar2","_parent":{"__id__":1},"_components":[{"__id__":5}],"_prefab":{"__type__":"cc.PrefabInfo","root":{"__id__":1},"asset":{"__uuid__":"3cv1AbhARIm7gWnjQ0QYjH"},"fileId":"eb68fJeHdAFJDamI7ivXdu"},"_contentSize":{"__type__":"cc.Size","width":398,"height":15},"_position":{"__type__":"cc.Vec2","y":-197}},{"__type__":"cc.Sprite","node":{"__id__":4},"_spriteFrame":{"__uuid__":"03baicGrJCNpmvzL07vZ8u"},"_type":3},{"__type__":"cc.Node","_name":"lab","_parent":{"__id__":1},"_components":[{"__id__":7},{"__type__":"cc.LabelOutline","node":{"__id__":6},"_color":{"__type__":"cc.Color","r":94,"g":30},"_width":2}],"_prefab":{"__type__":"cc.PrefabInfo","root":{"__id__":1},"asset":{"__uuid__":"3cv1AbhARIm7gWnjQ0QYjH"},"fileId":"2ewI4c8LtIppN7ox/0/xRG"},"_color":{"__type__":"cc.Color","r":235,"g":235,"b":235},"_contentSize":{"__type__":"cc.Size","width":264,"height":36},"_position":{"__type__":"cc.Vec2","y":-160}},{"__type__":"cc.Label","node":{"__id__":6},"_useOriginalSize":false,"_actualFontSize":26,"_fontSize":26,"_lineHeight":36,"_N$string":"小小人正在四处找板凳","_N$horizontalAlign":1,"_N$verticalAlign":1}],{"__type__":"cc.SpriteFrame","content":{"name":"loading1","texture":"1dded0156","rect":[2,2,429,700],"offset":[0,0],"originalSize":[429,700],"rotated":1}},{"__type__":"cc.SpriteFrame","content":{"name":"bar1","texture":"1dded0156","rect":[2,435,37,34],"offset":[0,0],"originalSize":[37,34],"capInsets":[14,0,14,0]}},{"__type__":"cc.SpriteFrame","content":{"name":"loading","texture":"1d9a68a65","rect":[2,2,429,670],"offset":[0,15],"originalSize":[429,700],"rotated":1}}]