[{"__type__":"cc.SpriteFrame","content":{"name":"face17","texture":"b4sOUdPOtNFKLz9sNIlajL","rect":[132,66,64,62],"offset":[0,0],"originalSize":[64,62]}},{"__type__":"cc.SpriteFrame","content":{"name":"beishuNum","texture":"19483b523","rect":[750,2,218,30],"offset":[0,0],"originalSize":[220,30]}},{"__type__":"cc.SpriteFrame","content":{"name":"a1","texture":"fcSEhfCV5GKpjbbMCTuttV","rect":[2,92,51,28],"offset":[0,0],"originalSize":[51,28]}},{"__type__":"cc.SpriteFrame","content":{"name":"face4","texture":"b4sOUdPOtNFKLz9sNIlajL","rect":[0,195,62,62],"offset":[0,0],"originalSize":[62,62]}},{"__type__":"cc.SpriteFrame","content":{"name":"a0","texture":"fcSEhfCV5GKpjbbMCTuttV","rect":[2,181,50,28],"offset":[0,0],"originalSize":[50,28]}},{"__type__":"cc.SpriteAtlas","_name":"faces.plist","_spriteFrames":{"face7":{"__uuid__":"e3XH6ZKQ9EFZlOgb0LnPH7"},"face3":{"__uuid__":"20ZFNIMt1CEoIGkGU7w/ES"},"face12":{"__uuid__":"5dmd2WJzJLfrAossSjYRPF"},"face10":{"__uuid__":"ediOgYhzJHMaXrXbaErifR"},"face9":{"__uuid__":"5fu35xx1ZB26EBvd69Dj0A"},"face17":{"__uuid__":"068JrfcIVMB5Kj3wRjj+XK"},"face20":{"__uuid__":"98degT1ntKpZMdaczq9aq4"},"face14":{"__uuid__":"42W+xunxdDT6ZIxcELQV33"},"face8":{"__uuid__":"9an2lIp1RF5rS1qUXkcAgX"},"face6":{"__uuid__":"23QDBW/Y5MUp8MVhgN8Z8Z"},"face2":{"__uuid__":"b5i39unplCApTmvZTJCXzn"},"face1":{"__uuid__":"3e/w2IAfNA7Z/TFjyiPmGo"},"face4":{"__uuid__":"0drncWZVVDdbYhj+K/53T0"},"face11":{"__uuid__":"91+HtLVaJLzpTUQp8XV6Aa"},"face15":{"__uuid__":"aaTGuHGNZCqp02I7oO+Xtl"},"face13":{"__uuid__":"c9lCJGiPlMu4F689uCe78M"},"face16":{"__uuid__":"95HTAedbRDlbgD8X8sF+vj"},"face19":{"__uuid__":"8dq3OM8iZOppCkA4fIOF45"},"face18":{"__uuid__":"c1AyOuHcVOw7wqUmxyKNyj"},"face5":{"__uuid__":"72xaRx54tDM6ATNyvVbIVj"}}},{"__type__":"cc.SpriteFrame","content":{"name":"face3","texture":"b4sOUdPOtNFKLz9sNIlajL","rect":[66,0,62,64],"offset":[0,0],"originalSize":[62,64]}},{"__type__":"cc.SpriteFrame","content":{"name":"face6","texture":"b4sOUdPOtNFKLz9sNIlajL","rect":[64,194,62,62],"offset":[0,0],"originalSize":[62,62]}},{"__type__":"cc.SpriteAtlas","_name":"cardType.plist","_spriteFrames":{"a0":{"__uuid__":"19ERxY1XBJBYXLYUHKa0XG"},"a1":{"__uuid__":"09GjAJOA5GY575/MccB96y"},"a2":{"__uuid__":"67wSyPhmRGEKr8wa+hFGuK"},"a3":{"__uuid__":"65AcQJBGlFMJbHMPhJvUzG"},"a4":{"__uuid__":"4dIlW7OklNbIeplgW1ktQ4"},"a5":{"__uuid__":"33raqJlc1PFaYjNGCUDshT"},"b0":{"__uuid__":"c1dlYVr0NPfrLN3heqNBHz"},"b1":{"__uuid__":"6crsh6+sZNpoRqJm2olFJs"},"b2":{"__uuid__":"439gPYTXtNsIauLvvStwRU"},"b3":{"__uuid__":"6bEUvl/l1JTadTVt177RgO"},"b4":{"__uuid__":"efdQ+FtCtIepa5JWzrJzfM"},"b5":{"__uuid__":"b838VSfeBEzbEVWOoK7WIN"}}},{"__type__":"cc.SpriteFrame","content":{"name":"a5","texture":"fcSEhfCV5GKpjbbMCTuttV","rect":[54,166,50,28],"offset":[0,0],"originalSize":[50,28]}},{"__type__":"cc.SpriteFrame","content":{"name":"face1","texture":"b4sOUdPOtNFKLz9sNIlajL","rect":[192,194,62,62],"offset":[0,0],"originalSize":[62,62]}},{"__type__":"cc.SpriteFrame","content":{"name":"face14","texture":"b4sOUdPOtNFKLz9sNIlajL","rect":[64,130,63,62],"offset":[0,0],"originalSize":[63,62]}},{"__type__":"cc.SpriteFrame","content":{"name":"b2","texture":"fcSEhfCV5GKpjbbMCTuttV","rect":[55,107,51,27],"offset":[0,0],"originalSize":[51,27]}},{"__type__":"cc.SpriteFrame","content":{"name":"a4","texture":"fcSEhfCV5GKpjbbMCTuttV","rect":[77,2,73,28],"offset":[0,0],"originalSize":[73,28],"rotated":1}},{"__type__":"cc.SpriteFrame","content":{"name":"face12","texture":"b4sOUdPOtNFKLz9sNIlajL","rect":[130,0,62,64],"offset":[0,0],"originalSize":[62,64]}},{"__type__":"cc.LabelAtlas","_name":"numChouma","spriteFrame":{"__uuid__":"e9PHSi0wRMJatNtk/2kev2"},"fontSize":23.76,"_fntConfig":{"commonHeight":27,"fontSize":23,"atlasName":"numChouma","fontDefDictionary":{"48":{"rect":{"x":0,"y":0,"width":17,"height":27},"xOffset":0,"yOffset":0,"xAdvance":17},"49":{"rect":{"x":17,"y":0,"width":17,"height":27},"xOffset":0,"yOffset":0,"xAdvance":17},"50":{"rect":{"x":34,"y":0,"width":17,"height":27},"xOffset":0,"yOffset":0,"xAdvance":17},"51":{"rect":{"x":51,"y":0,"width":17,"height":27},"xOffset":0,"yOffset":0,"xAdvance":17},"52":{"rect":{"x":68,"y":0,"width":17,"height":27},"xOffset":0,"yOffset":0,"xAdvance":17},"53":{"rect":{"x":85,"y":0,"width":17,"height":27},"xOffset":0,"yOffset":0,"xAdvance":17},"54":{"rect":{"x":102,"y":0,"width":17,"height":27},"xOffset":0,"yOffset":0,"xAdvance":17},"55":{"rect":{"x":119,"y":0,"width":17,"height":27},"xOffset":0,"yOffset":0,"xAdvance":17},"56":{"rect":{"x":136,"y":0,"width":17,"height":27},"xOffset":0,"yOffset":0,"xAdvance":17},"57":{"rect":{"x":153,"y":0,"width":17,"height":27},"xOffset":0,"yOffset":0,"xAdvance":17}},"kerningDict":{}}},{"__type__":"cc.SpriteFrame","content":{"name":"face9","texture":"b4sOUdPOtNFKLz9sNIlajL","rect":[66,66,64,62],"offset":[0,0],"originalSize":[64,62]}},{"__type__":"cc.SpriteFrame","content":{"name":"a3","texture":"fcSEhfCV5GKpjbbMCTuttV","rect":[55,77,51,28],"offset":[0,0],"originalSize":[51,28]}},{"__type__":"cc.SpriteFrame","content":{"name":"a2","texture":"fcSEhfCV5GKpjbbMCTuttV","rect":[2,122,51,27],"offset":[0,0],"originalSize":[51,27]}},{"__type__":"cc.SpriteFrame","content":{"name":"b3","texture":"fcSEhfCV5GKpjbbMCTuttV","rect":[2,32,51,28],"offset":[0,0],"originalSize":[51,28]}},{"__type__":"cc.SpriteFrame","content":{"name":"b1","texture":"fcSEhfCV5GKpjbbMCTuttV","rect":[2,62,51,28],"offset":[0,0],"originalSize":[51,28]}},{"__type__":"cc.SpriteFrame","content":{"name":"face5","texture":"b4sOUdPOtNFKLz9sNIlajL","rect":[192,322,62,62],"offset":[0,0],"originalSize":[62,62]}},{"__type__":"cc.SpriteFrame","content":{"name":"face19","texture":"b4sOUdPOtNFKLz9sNIlajL","rect":[64,322,62,62],"offset":[0,0],"originalSize":[62,62]}},{"__type__":"cc.SpriteFrame","content":{"name":"face11","texture":"b4sOUdPOtNFKLz9sNIlajL","rect":[64,258,62,62],"offset":[0,0],"originalSize":[62,62]}},{"__type__":"cc.SpriteFrame","content":{"name":"face16","texture":"b4sOUdPOtNFKLz9sNIlajL","rect":[0,259,62,62],"offset":[0,0],"originalSize":[62,62]}},{"__type__":"cc.SpriteFrame","content":{"name":"face20","texture":"b4sOUdPOtNFKLz9sNIlajL","rect":[0,130,62,63],"offset":[0,0],"originalSize":[62,63]}},{"__type__":"cc.SpriteFrame","content":{"name":"face8","texture":"b4sOUdPOtNFKLz9sNIlajL","rect":[129,130,62,62],"offset":[0,0],"originalSize":[62,62]}},{"__type__":"cc.LabelAtlas","_name":"beishuNum","spriteFrame":{"__uuid__":"08a4zIKiRIfqYoxloP3lZU"},"fontSize":26.4,"_fntConfig":{"commonHeight":30,"fontSize":26,"atlasName":"beishuNum","fontDefDictionary":{"48":{"rect":{"x":0,"y":0,"width":22,"height":30},"xOffset":0,"yOffset":0,"xAdvance":22},"49":{"rect":{"x":22,"y":0,"width":22,"height":30},"xOffset":0,"yOffset":0,"xAdvance":22},"50":{"rect":{"x":44,"y":0,"width":22,"height":30},"xOffset":0,"yOffset":0,"xAdvance":22},"51":{"rect":{"x":66,"y":0,"width":22,"height":30},"xOffset":0,"yOffset":0,"xAdvance":22},"52":{"rect":{"x":88,"y":0,"width":22,"height":30},"xOffset":0,"yOffset":0,"xAdvance":22},"53":{"rect":{"x":110,"y":0,"width":22,"height":30},"xOffset":0,"yOffset":0,"xAdvance":22},"54":{"rect":{"x":132,"y":0,"width":22,"height":30},"xOffset":0,"yOffset":0,"xAdvance":22},"55":{"rect":{"x":154,"y":0,"width":22,"height":30},"xOffset":0,"yOffset":0,"xAdvance":22},"56":{"rect":{"x":176,"y":0,"width":22,"height":30},"xOffset":0,"yOffset":0,"xAdvance":22},"57":{"rect":{"x":198,"y":0,"width":22,"height":30},"xOffset":0,"yOffset":0,"xAdvance":22}},"kerningDict":{}}},{"__type__":"cc.SpriteFrame","content":{"name":"face15","texture":"b4sOUdPOtNFKLz9sNIlajL","rect":[128,258,62,62],"offset":[0,0],"originalSize":[62,62]}},{"__type__":"cc.SpriteFrame","content":{"name":"face2","texture":"b4sOUdPOtNFKLz9sNIlajL","rect":[128,194,62,62],"offset":[0,0],"originalSize":[62,62]}},{"__type__":"cc.SpriteFrame","content":{"name":"b5","texture":"fcSEhfCV5GKpjbbMCTuttV","rect":[55,136,50,28],"offset":[0,0],"originalSize":[50,28]}},{"__type__":"cc.SpriteFrame","content":{"name":"face18","texture":"b4sOUdPOtNFKLz9sNIlajL","rect":[128,322,62,62],"offset":[0,0],"originalSize":[62,62]}},{"__type__":"cc.SpriteFrame","content":{"name":"b0","texture":"fcSEhfCV5GKpjbbMCTuttV","rect":[2,151,50,28],"offset":[0,0],"originalSize":[50,28]}},{"__type__":"cc.SpriteFrame","content":{"name":"face13","texture":"b4sOUdPOtNFKLz9sNIlajL","rect":[192,258,62,62],"offset":[0,0],"originalSize":[62,62]}},{"__type__":"cc.SpriteFrame","content":{"name":"face7","texture":"b4sOUdPOtNFKLz9sNIlajL","rect":[0,0,64,64],"offset":[0,0],"originalSize":[64,64]}},{"__type__":"cc.SpriteFrame","content":{"name":"numChouma","texture":"1471519bc","rect":[2,2,168,27],"offset":[0,0],"originalSize":[170,27]}},{"__type__":"cc.SpriteFrame","content":{"name":"face10","texture":"b4sOUdPOtNFKLz9sNIlajL","rect":[0,66,64,62],"offset":[0,0],"originalSize":[64,62]}},{"__type__":"cc.SpriteFrame","content":{"name":"b4","texture":"fcSEhfCV5GKpjbbMCTuttV","rect":[2,2,73,28],"offset":[0,0],"originalSize":[73,28]}}]