{"__type__":"cc.SpriteAtlas","_spriteFrames":{"numClock":{"__uuid__":"e5icKSAA5GKY48LKyCY6jg"},"numJia":{"__uuid__":"4bYFn0yXFBgblQ4At2xjdq"},"numJian":{"__uuid__":"8a05CiUcJJ+JLwIUkpT1ri"},"bgCard2":{"__uuid__":"99t+C4nkhOMq/khOGiDJvr"},"bgCardType":{"__uuid__":"abeo6ka/NIhK3NfpWKf77P"},"bgClock":{"__uuid__":"e06xsgdxpOa5TV3SRI4Jh0"},"bgCard4":{"__uuid__":"23cqGHMPdJ6pfjBrWmwM5X"},"labBuqiang":{"__uuid__":"3bTU/eniNIv5aSGDcl78Bt"},"labQiangzhuang":{"__uuid__":"2ePXiplL9A0pgAMIupaOzC"},"labJian":{"__uuid__":"82dqUh9/hEBJ1IISFuLR72"},"bgCard1":{"__uuid__":"c5XTXEqpdIlb8kmWIp6tnC"},"bgCard3":{"__uuid__":"a7FSFHuZpGvotqdodtP8Yu"},"labJia":{"__uuid__":"2616gQ3ZtPRp0S2yy2OisX"},"bgCard5":{"__uuid__":"68b8H2PfRGXb6fi5y9LM2/"},"icoGoldDa":{"__uuid__":"6bdd+9Yf9HJLwbUDM0J/96"},"labXian":{"__uuid__":"1elGWfTsdJirTStZaois/q"},"labZhuang":{"__uuid__":"7fcIFkvQ9K5aePi0MJpE2+"},"icoGoldXiao":{"__uuid__":"94w0Oms0NBmouMHd3QZbwY"}}}