{"__type__":"cc.SpriteAtlas","_spriteFrames":{"gameStart1":{"__uuid__":"71tz3oonlL/KIqI6TndRqx"},"gameStart3":{"__uuid__":"a8/9ubh6lPfY+57QfEuWyX"},"gameStart2":{"__uuid__":"a9afOM3uhNebGXLnVkiGTL"},"gameStart6":{"__uuid__":"31Yygilo9MNJ78l+j/LcqI"},"labShi":{"__uuid__":"bfZE0dQNRBD7hZjI3J49qt"},"gameStart4":{"__uuid__":"f63OOpFW1Ej5gMWmnm6GoO"},"lanWan":{"__uuid__":"99AQOxNalKur08xzgAF4AK"},"labDai":{"__uuid__":"2eXGed/TlEZqlV408N8IWZ"},"labDeng":{"__uuid__":"b6iYdFTBFGDJSz3gb9Ze+R"},"labQi":{"__uuid__":"01iCW3lmlKTYkue1zJDxeo"},"labTa":{"__uuid__":"81z4rDmCROtaUHW8WXhNV0"},"labXi":{"__uuid__":"9dJudgSEhGi6J+FmAI6wK/"},"lanJia":{"__uuid__":"33HcX9XlJOrptHLbi2DZB5"},"dian":{"__uuid__":"b2E1IwERxOXZ7wnCHPHVr+"},"labYou":{"__uuid__":"da8ZYHRhFPb6y4MFVplY35"},"labKai":{"__uuid__":"acos29rE9KFJYAdlcBwXnw"},"labMa":{"__uuid__":"828c1Ny/NCaoNPKBQQaMVu"},"gameStart5":{"__uuid__":"2bfT17frNHm7PTnfa7VGBW"},"labShang":{"__uuid__":"4dy3Q2KAJBSLmTY9twWPev"}}}