[{"__type__":"cc.SpriteFrame","content":{"name":"208","texture":"f6IY/mw9FKW5Pf49krEoYM","rect":[246,472,80,106],"offset":[0,0],"originalSize":[80,106]}},{"__type__":"cc.SpriteFrame","content":{"name":"308","texture":"f6IY/mw9FKW5Pf49krEoYM","rect":[0,472,80,106],"offset":[0,0],"originalSize":[80,106]}},{"__type__":"cc.SpriteFrame","content":{"name":"681","texture":"f6IY/mw9FKW5Pf49krEoYM","rect":[672,0,110,146],"offset":[0,0],"originalSize":[110,146]}},{"__type__":"cc.SpriteFrame","content":{"name":"205","texture":"f6IY/mw9FKW5Pf49krEoYM","rect":[738,364,80,106],"offset":[0,0],"originalSize":[80,106]}},{"__type__":"cc.SpriteFrame","content":{"name":"108","texture":"f6IY/mw9FKW5Pf49krEoYM","rect":[574,364,80,106],"offset":[0,0],"originalSize":[80,106]}},{"__type__":"cc.SpriteFrame","content":{"name":"641","texture":"f6IY/mw9FKW5Pf49krEoYM","rect":[0,0,110,146],"offset":[0,0],"originalSize":[110,146]}},{"__type__":"cc.SpriteFrame","content":{"name":"691","texture":"f6IY/mw9FKW5Pf49krEoYM","rect":[336,0,110,146],"offset":[0,0],"originalSize":[110,146]}},{"__type__":"cc.SpriteFrame","content":{"name":"206","texture":"f6IY/mw9FKW5Pf49krEoYM","rect":[328,364,80,106],"offset":[0,0],"originalSize":[80,106]}},{"__type__":"cc.SpriteFrame","content":{"name":"403","texture":"f6IY/mw9FKW5Pf49krEoYM","rect":[410,472,80,106],"offset":[0,0],"originalSize":[80,106]}},{"__type__":"cc.SpriteFrame","content":{"name":"202","texture":"f6IY/mw9FKW5Pf49krEoYM","rect":[164,364,80,106],"offset":[0,0],"originalSize":[80,106]}},{"__type__":"cc.SpriteFrame","content":{"name":"201","texture":"f6IY/mw9FKW5Pf49krEoYM","rect":[820,324,80,106],"offset":[0,0],"originalSize":[80,106]}},{"__type__":"cc.SpriteFrame","content":{"name":"0","texture":"f6IY/mw9FKW5Pf49krEoYM","rect":[328,580,78,104],"offset":[0,0],"originalSize":[80,106]}},{"__type__":"cc.SpriteFrame","content":{"name":"204","texture":"f6IY/mw9FKW5Pf49krEoYM","rect":[246,256,80,106],"offset":[0,0],"originalSize":[80,106]}},{"__type__":"cc.SpriteFrame","content":{"name":"409","texture":"f6IY/mw9FKW5Pf49krEoYM","rect":[656,364,80,106],"offset":[0,0],"originalSize":[80,106]}},{"__type__":"cc.SpriteFrame","content":{"name":"406","texture":"f6IY/mw9FKW5Pf49krEoYM","rect":[574,148,80,106],"offset":[0,0],"originalSize":[80,106]}},{"__type__":"cc.SpriteFrame","content":{"name":"313","texture":"f6IY/mw9FKW5Pf49krEoYM","rect":[0,256,80,106],"offset":[0,0],"originalSize":[80,106]}},{"__type__":"cc.SpriteFrame","content":{"name":"413","texture":"f6IY/mw9FKW5Pf49krEoYM","rect":[492,148,80,106],"offset":[0,0],"originalSize":[80,106]}},{"__type__":"cc.SpriteFrame","content":{"name":"102","texture":"f6IY/mw9FKW5Pf49krEoYM","rect":[656,256,80,106],"offset":[0,0],"originalSize":[80,106]}},{"__type__":"cc.SpriteFrame","content":{"name":"518","texture":"f6IY/mw9FKW5Pf49krEoYM","rect":[574,472,80,106],"offset":[0,0],"originalSize":[80,106]}},{"__type__":"cc.SpriteFrame","content":{"name":"112","texture":"f6IY/mw9FKW5Pf49krEoYM","rect":[246,148,80,106],"offset":[0,0],"originalSize":[80,106]}},{"__type__":"cc.SpriteFrame","content":{"name":"410","texture":"f6IY/mw9FKW5Pf49krEoYM","rect":[164,580,80,106],"offset":[0,0],"originalSize":[80,106]}},{"__type__":"cc.SpriteFrame","content":{"name":"103","texture":"f6IY/mw9FKW5Pf49krEoYM","rect":[492,364,80,106],"offset":[0,0],"originalSize":[80,106]}},{"__type__":"cc.SpriteFrame","content":{"name":"312","texture":"f6IY/mw9FKW5Pf49krEoYM","rect":[82,580,80,106],"offset":[0,0],"originalSize":[80,106]}},{"__type__":"cc.SpriteFrame","content":{"name":"110","texture":"f6IY/mw9FKW5Pf49krEoYM","rect":[410,256,80,106],"offset":[0,0],"originalSize":[80,106]}},{"__type__":"cc.SpriteFrame","content":{"name":"309","texture":"f6IY/mw9FKW5Pf49krEoYM","rect":[0,148,80,106],"offset":[0,0],"originalSize":[80,106]}},{"__type__":"cc.SpriteFrame","content":{"name":"113","texture":"f6IY/mw9FKW5Pf49krEoYM","rect":[328,256,80,106],"offset":[0,0],"originalSize":[80,106]}},{"__type__":"cc.SpriteFrame","content":{"name":"107","texture":"f6IY/mw9FKW5Pf49krEoYM","rect":[896,108,80,106],"offset":[0,0],"originalSize":[80,106]}},{"__type__":"cc.SpriteFrame","content":{"name":"520","texture":"f6IY/mw9FKW5Pf49krEoYM","rect":[902,324,80,106],"offset":[0,0],"originalSize":[80,106]}},{"__type__":"cc.SpriteFrame","content":{"name":"402","texture":"f6IY/mw9FKW5Pf49krEoYM","rect":[410,364,80,106],"offset":[0,0],"originalSize":[80,106]}},{"__type__":"cc.SpriteFrame","content":{"name":"412","texture":"f6IY/mw9FKW5Pf49krEoYM","rect":[82,256,80,106],"offset":[0,0],"originalSize":[80,106]}},{"__type__":"cc.SpriteAtlas","_name":"card.plist","_spriteFrames":{"0":{"__uuid__":"2fPT/IkbFLpZAosuJtplpy"},"101":{"__uuid__":"da5gDJ4mJEzJaeOzRgxOHM"},"102":{"__uuid__":"45vOE8hxxIab001g52+pY9"},"103":{"__uuid__":"5aP7f+iyNIVoNgJrNS6pdl"},"104":{"__uuid__":"dcDwAgde9KDJWuyferogc9"},"105":{"__uuid__":"baUAV45LpMv7p+b8xJnShw"},"106":{"__uuid__":"bfkJlqhyxLVbcE6Mix3ckx"},"107":{"__uuid__":"812HWkMcNOJpiH7R+UG5LF"},"108":{"__uuid__":"0fIh3umqtA84g4h9xxUjPG"},"109":{"__uuid__":"bcl0yI+NNAobAri4gHwPCZ"},"110":{"__uuid__":"77QEApZ/xEGaEfQntkfu4C"},"111":{"__uuid__":"c4j8mzUgZKWp5NwF4ZyA/X"},"112":{"__uuid__":"55fsGaSD9EHJhcEB94gO3r"},"113":{"__uuid__":"7aR7TfsCtGnqTKY2rCtTfq"},"201":{"__uuid__":"27lifoaSxHFZFE5BZKjYI1"},"202":{"__uuid__":"25rzcGn1tIAZYqsc8RF9Bt"},"203":{"__uuid__":"cf4jvuxQxNi6wPJ9cSUPRI"},"204":{"__uuid__":"2fz/keaOZGdZ8vrWG94L7I"},"205":{"__uuid__":"0ewmTc3PlKIJw5LjT0V60o"},"206":{"__uuid__":"14n23I555GK44LYdmVZf9B"},"207":{"__uuid__":"abPaSK+kxIQ4oZE7MqFMlp"},"208":{"__uuid__":"04DpSR8ztIc4bRjBxgWXxA"},"209":{"__uuid__":"94Xdo2J31Nf5p/1PNzib+b"},"210":{"__uuid__":"ffzOGIkZJGTYzZCnfeaL+V"},"211":{"__uuid__":"e2W0jTld5DGpvw6+p3ZNLP"},"212":{"__uuid__":"bbW0YF7qVDC4G/PduOMFlZ"},"213":{"__uuid__":"eaVNvBAK1F6b7bTAvAHPrh"},"301":{"__uuid__":"a345WUc4FDQajMUKfxwddX"},"302":{"__uuid__":"ce3eXAzJ9FqLDKN8yMhpmP"},"303":{"__uuid__":"f8ofyXt2RC+KxAKSEghusg"},"304":{"__uuid__":"d93GpS5gpNuLHPtex+Qohv"},"305":{"__uuid__":"d2QyECT5hBWJbc/d97bgZZ"},"306":{"__uuid__":"e6awhzZ4pMKqjpq0HQOJjT"},"307":{"__uuid__":"f879EZCfxIebBn/0pXlVT4"},"308":{"__uuid__":"049cQsbedNobHIg5eveu+c"},"309":{"__uuid__":"7933j5zRtEQKExk0Nljqx1"},"310":{"__uuid__":"b9A5JH/TNMNZOfGfhO+n/F"},"311":{"__uuid__":"9dMKKWnghBIZ/S7BuCiDYn"},"312":{"__uuid__":"64r8Jg+aZA46k2m827yquE"},"313":{"__uuid__":"3d4FrSEaNA15s7Vh1r+SGQ"},"401":{"__uuid__":"bfToWWJhBL7q4PQ1XfJOfJ"},"402":{"__uuid__":"87VTh6rYJHD6d78yEEESDi"},"403":{"__uuid__":"23hV1wAntBt6/jugpY5+lQ"},"404":{"__uuid__":"cf6D0tGlVOFq4cwd65VLdk"},"405":{"__uuid__":"cbmxI/ED9KN7/psuRs85K4"},"406":{"__uuid__":"3cybg3Oy9Pd5EQ9jNjiTIc"},"407":{"__uuid__":"9ax1f4NvFIXbYjeesqbpFi"},"408":{"__uuid__":"bao0TwyiVAd4o7C8BR+Am8"},"409":{"__uuid__":"39kN6mED1KOZk3so42Lev2"},"410":{"__uuid__":"59TueIHa5IOL8B0mFEAeM4"},"411":{"__uuid__":"b2NdecnUBH46WKYPuuQ1e8"},"412":{"__uuid__":"8efgrJGqRF4qDRKUotzDw/"},"413":{"__uuid__":"44awtMxaVEzJaohlLHe8qk"},"518":{"__uuid__":"53EVAaBIFCsLvcpBBugq6i"},"520":{"__uuid__":"82agsGqyVIa4sbw8+8GQXL"},"621":{"__uuid__":"a63RxWFYNF35rjJHbEgfhs"},"631":{"__uuid__":"93uwVH1kFFlKbea+05FQGP"},"641":{"__uuid__":"0fbDf6hcVEEoUN6iBg3HzV"},"651":{"__uuid__":"d42mHPSsBFprXD8uveZ1nb"},"661":{"__uuid__":"cfDacd+XNA8qf8RW1UxTMe"},"671":{"__uuid__":"9awq4s435FK5iwzQRpaDtn"},"681":{"__uuid__":"0eT1PbxPRGXLLwHNl1eUHd"},"691":{"__uuid__":"14UuSR5BlF3IptLsRMtYyy"}}},{"__type__":"cc.SpriteFrame","content":{"name":"631","texture":"f6IY/mw9FKW5Pf49krEoYM","rect":[448,0,110,146],"offset":[0,0],"originalSize":[110,146]}},{"__type__":"cc.SpriteFrame","content":{"name":"209","texture":"f6IY/mw9FKW5Pf49krEoYM","rect":[246,580,80,106],"offset":[0,0],"originalSize":[80,106]}},{"__type__":"cc.SpriteFrame","content":{"name":"671","texture":"f6IY/mw9FKW5Pf49krEoYM","rect":[224,0,110,146],"offset":[0,0],"originalSize":[110,146]}},{"__type__":"cc.SpriteFrame","content":{"name":"407","texture":"f6IY/mw9FKW5Pf49krEoYM","rect":[0,364,80,106],"offset":[0,0],"originalSize":[80,106]}},{"__type__":"cc.SpriteFrame","content":{"name":"311","texture":"f6IY/mw9FKW5Pf49krEoYM","rect":[492,256,80,106],"offset":[0,0],"originalSize":[80,106]}},{"__type__":"cc.SpriteFrame","content":{"name":"301","texture":"f6IY/mw9FKW5Pf49krEoYM","rect":[82,148,80,106],"offset":[0,0],"originalSize":[80,106]}},{"__type__":"cc.SpriteFrame","content":{"name":"621","texture":"f6IY/mw9FKW5Pf49krEoYM","rect":[112,0,110,146],"offset":[0,0],"originalSize":[110,146]}},{"__type__":"cc.SpriteFrame","content":{"name":"207","texture":"f6IY/mw9FKW5Pf49krEoYM","rect":[246,364,80,106],"offset":[0,0],"originalSize":[80,106]}},{"__type__":"cc.SpriteFrame","content":{"name":"411","texture":"f6IY/mw9FKW5Pf49krEoYM","rect":[820,540,80,106],"offset":[0,0],"originalSize":[80,106]}},{"__type__":"cc.SpriteFrame","content":{"name":"310","texture":"f6IY/mw9FKW5Pf49krEoYM","rect":[328,148,80,106],"offset":[0,0],"originalSize":[80,106]}},{"__type__":"cc.SpriteFrame","content":{"name":"105","texture":"f6IY/mw9FKW5Pf49krEoYM","rect":[82,364,80,106],"offset":[0,0],"originalSize":[80,106]}},{"__type__":"cc.SpriteFrame","content":{"name":"408","texture":"f6IY/mw9FKW5Pf49krEoYM","rect":[820,432,80,106],"offset":[0,0],"originalSize":[80,106]}},{"__type__":"cc.SpriteFrame","content":{"name":"212","texture":"f6IY/mw9FKW5Pf49krEoYM","rect":[820,216,80,106],"offset":[0,0],"originalSize":[80,106]}},{"__type__":"cc.SpriteFrame","content":{"name":"109","texture":"f6IY/mw9FKW5Pf49krEoYM","rect":[896,0,80,106],"offset":[0,0],"originalSize":[80,106]}},{"__type__":"cc.SpriteFrame","content":{"name":"401","texture":"f6IY/mw9FKW5Pf49krEoYM","rect":[0,580,80,106],"offset":[0,0],"originalSize":[80,106]}},{"__type__":"cc.SpriteFrame","content":{"name":"106","texture":"f6IY/mw9FKW5Pf49krEoYM","rect":[164,472,80,106],"offset":[0,0],"originalSize":[80,106]}},{"__type__":"cc.SpriteFrame","content":{"name":"111","texture":"f6IY/mw9FKW5Pf49krEoYM","rect":[82,472,80,106],"offset":[0,0],"originalSize":[80,106]}},{"__type__":"cc.SpriteFrame","content":{"name":"405","texture":"f6IY/mw9FKW5Pf49krEoYM","rect":[902,216,80,106],"offset":[0,0],"originalSize":[80,106]}},{"__type__":"cc.SpriteFrame","content":{"name":"302","texture":"f6IY/mw9FKW5Pf49krEoYM","rect":[492,472,80,106],"offset":[0,0],"originalSize":[80,106]}},{"__type__":"cc.SpriteFrame","content":{"name":"661","texture":"f6IY/mw9FKW5Pf49krEoYM","rect":[784,0,110,146],"offset":[0,0],"originalSize":[110,146]}},{"__type__":"cc.SpriteFrame","content":{"name":"203","texture":"f6IY/mw9FKW5Pf49krEoYM","rect":[738,256,80,106],"offset":[0,0],"originalSize":[80,106]}},{"__type__":"cc.SpriteFrame","content":{"name":"404","texture":"f6IY/mw9FKW5Pf49krEoYM","rect":[164,148,80,106],"offset":[0,0],"originalSize":[80,106]}},{"__type__":"cc.SpriteFrame","content":{"name":"305","texture":"f6IY/mw9FKW5Pf49krEoYM","rect":[328,472,80,106],"offset":[0,0],"originalSize":[80,106]}},{"__type__":"cc.SpriteFrame","content":{"name":"651","texture":"f6IY/mw9FKW5Pf49krEoYM","rect":[560,0,110,146],"offset":[0,0],"originalSize":[110,146]}},{"__type__":"cc.SpriteFrame","content":{"name":"304","texture":"f6IY/mw9FKW5Pf49krEoYM","rect":[738,472,80,106],"offset":[0,0],"originalSize":[80,106]}},{"__type__":"cc.SpriteFrame","content":{"name":"101","texture":"f6IY/mw9FKW5Pf49krEoYM","rect":[656,148,80,106],"offset":[0,0],"originalSize":[80,106]}},{"__type__":"cc.SpriteFrame","content":{"name":"104","texture":"f6IY/mw9FKW5Pf49krEoYM","rect":[902,432,80,106],"offset":[0,0],"originalSize":[80,106]}},{"__type__":"cc.SpriteFrame","content":{"name":"211","texture":"f6IY/mw9FKW5Pf49krEoYM","rect":[164,256,80,106],"offset":[0,0],"originalSize":[80,106]}},{"__type__":"cc.SpriteFrame","content":{"name":"306","texture":"f6IY/mw9FKW5Pf49krEoYM","rect":[902,540,80,106],"offset":[0,0],"originalSize":[80,106]}},{"__type__":"cc.SpriteFrame","content":{"name":"213","texture":"f6IY/mw9FKW5Pf49krEoYM","rect":[656,472,80,106],"offset":[0,0],"originalSize":[80,106]}},{"__type__":"cc.SpriteFrame","content":{"name":"303","texture":"f6IY/mw9FKW5Pf49krEoYM","rect":[574,256,80,106],"offset":[0,0],"originalSize":[80,106]}},{"__type__":"cc.SpriteFrame","content":{"name":"307","texture":"f6IY/mw9FKW5Pf49krEoYM","rect":[410,148,80,106],"offset":[0,0],"originalSize":[80,106]}},{"__type__":"cc.SpriteFrame","content":{"name":"210","texture":"f6IY/mw9FKW5Pf49krEoYM","rect":[738,148,80,106],"offset":[0,0],"originalSize":[80,106]}}]