[{"__type__":"cc.SpriteFrame","content":{"name":"208","texture":"f6IY/mw9FKW5Pf49krEoYM","rect":[422,226,82,110],"offset":[0,0],"originalSize":[82,110]}},{"__type__":"cc.SpriteFrame","content":{"name":"308","texture":"f6IY/mw9FKW5Pf49krEoYM","rect":[338,114,82,110],"offset":[0,0],"originalSize":[82,110]}},{"__type__":"cc.SpriteFrame","content":{"name":"205","texture":"f6IY/mw9FKW5Pf49krEoYM","rect":[170,674,82,110],"offset":[0,0],"originalSize":[82,110]}},{"__type__":"cc.SpriteFrame","content":{"name":"108","texture":"f6IY/mw9FKW5Pf49krEoYM","rect":[254,786,82,110],"offset":[0,0],"originalSize":[82,110]}},{"__type__":"cc.SpriteFrame","content":{"name":"206","texture":"f6IY/mw9FKW5Pf49krEoYM","rect":[86,786,82,110],"offset":[0,0],"originalSize":[82,110]}},{"__type__":"cc.SpriteFrame","content":{"name":"403","texture":"f6IY/mw9FKW5Pf49krEoYM","rect":[86,338,82,110],"offset":[0,0],"originalSize":[82,110]}},{"__type__":"cc.SpriteFrame","content":{"name":"202","texture":"f6IY/mw9FKW5Pf49krEoYM","rect":[422,338,82,110],"offset":[0,0],"originalSize":[82,110]}},{"__type__":"cc.SpriteFrame","content":{"name":"0","texture":"f6IY/mw9FKW5Pf49krEoYM","rect":[422,786,82,110],"offset":[0,0],"originalSize":[82,110]}},{"__type__":"cc.SpriteFrame","content":{"name":"204","texture":"f6IY/mw9FKW5Pf49krEoYM","rect":[254,562,82,110],"offset":[0,0],"originalSize":[82,110]}},{"__type__":"cc.SpriteFrame","content":{"name":"114","texture":"f6IY/mw9FKW5Pf49krEoYM","rect":[86,898,82,110],"offset":[0,0],"originalSize":[82,110]}},{"__type__":"cc.SpriteFrame","content":{"name":"409","texture":"f6IY/mw9FKW5Pf49krEoYM","rect":[170,2,82,110],"offset":[0,0],"originalSize":[82,110]}},{"__type__":"cc.SpriteFrame","content":{"name":"406","texture":"f6IY/mw9FKW5Pf49krEoYM","rect":[170,114,82,110],"offset":[0,0],"originalSize":[82,110]}},{"__type__":"cc.SpriteFrame","content":{"name":"313","texture":"f6IY/mw9FKW5Pf49krEoYM","rect":[338,2,82,110],"offset":[0,0],"originalSize":[82,110]}},{"__type__":"cc.SpriteFrame","content":{"name":"413","texture":"f6IY/mw9FKW5Pf49krEoYM","rect":[2,114,82,110],"offset":[0,0],"originalSize":[82,110]}},{"__type__":"cc.SpriteFrame","content":{"name":"102","texture":"f6IY/mw9FKW5Pf49krEoYM","rect":[338,898,82,110],"offset":[0,0],"originalSize":[82,110]}},{"__type__":"cc.SpriteFrame","content":{"name":"112","texture":"f6IY/mw9FKW5Pf49krEoYM","rect":[254,674,82,110],"offset":[0,0],"originalSize":[82,110]}},{"__type__":"cc.SpriteFrame","content":{"name":"410","texture":"f6IY/mw9FKW5Pf49krEoYM","rect":[86,114,82,110],"offset":[0,0],"originalSize":[82,110]}},{"__type__":"cc.SpriteFrame","content":{"name":"103","texture":"f6IY/mw9FKW5Pf49krEoYM","rect":[422,674,82,110],"offset":[0,0],"originalSize":[82,110]}},{"__type__":"cc.SpriteFrame","content":{"name":"312","texture":"f6IY/mw9FKW5Pf49krEoYM","rect":[2,562,82,110],"offset":[0,0],"originalSize":[82,110]}},{"__type__":"cc.SpriteFrame","content":{"name":"110","texture":"f6IY/mw9FKW5Pf49krEoYM","rect":[422,450,82,110],"offset":[0,0],"originalSize":[82,110]}},{"__type__":"cc.SpriteFrame","content":{"name":"309","texture":"f6IY/mw9FKW5Pf49krEoYM","rect":[254,226,82,110],"offset":[0,0],"originalSize":[82,110]}},{"__type__":"cc.SpriteFrame","content":{"name":"113","texture":"f6IY/mw9FKW5Pf49krEoYM","rect":[170,786,82,110],"offset":[0,0],"originalSize":[82,110]}},{"__type__":"cc.SpriteFrame","content":{"name":"107","texture":"f6IY/mw9FKW5Pf49krEoYM","rect":[338,674,82,110],"offset":[0,0],"originalSize":[82,110]}},{"__type__":"cc.SpriteFrame","content":{"name":"402","texture":"f6IY/mw9FKW5Pf49krEoYM","rect":[170,226,82,110],"offset":[0,0],"originalSize":[82,110]}},{"__type__":"cc.SpriteFrame","content":{"name":"412","texture":"f6IY/mw9FKW5Pf49krEoYM","rect":[86,2,82,110],"offset":[0,0],"originalSize":[82,110]}},{"__type__":"cc.SpriteAtlas","_name":"card.plist","_spriteFrames":{"0":{"__uuid__":"2fPT/IkbFLpZAosuJtplpy"},"102":{"__uuid__":"45vOE8hxxIab001g52+pY9"},"103":{"__uuid__":"5aP7f+iyNIVoNgJrNS6pdl"},"104":{"__uuid__":"dcDwAgde9KDJWuyferogc9"},"105":{"__uuid__":"baUAV45LpMv7p+b8xJnShw"},"106":{"__uuid__":"bfkJlqhyxLVbcE6Mix3ckx"},"107":{"__uuid__":"812HWkMcNOJpiH7R+UG5LF"},"108":{"__uuid__":"0fIh3umqtA84g4h9xxUjPG"},"109":{"__uuid__":"bcl0yI+NNAobAri4gHwPCZ"},"110":{"__uuid__":"77QEApZ/xEGaEfQntkfu4C"},"111":{"__uuid__":"c4j8mzUgZKWp5NwF4ZyA/X"},"112":{"__uuid__":"55fsGaSD9EHJhcEB94gO3r"},"113":{"__uuid__":"7aR7TfsCtGnqTKY2rCtTfq"},"114":{"__uuid__":"32hvnh0RFJL6KdMtqkPm3j"},"202":{"__uuid__":"25rzcGn1tIAZYqsc8RF9Bt"},"203":{"__uuid__":"cf4jvuxQxNi6wPJ9cSUPRI"},"204":{"__uuid__":"2fz/keaOZGdZ8vrWG94L7I"},"205":{"__uuid__":"0ewmTc3PlKIJw5LjT0V60o"},"206":{"__uuid__":"14n23I555GK44LYdmVZf9B"},"207":{"__uuid__":"abPaSK+kxIQ4oZE7MqFMlp"},"208":{"__uuid__":"04DpSR8ztIc4bRjBxgWXxA"},"209":{"__uuid__":"94Xdo2J31Nf5p/1PNzib+b"},"210":{"__uuid__":"ffzOGIkZJGTYzZCnfeaL+V"},"211":{"__uuid__":"e2W0jTld5DGpvw6+p3ZNLP"},"212":{"__uuid__":"bbW0YF7qVDC4G/PduOMFlZ"},"213":{"__uuid__":"eaVNvBAK1F6b7bTAvAHPrh"},"214":{"__uuid__":"d9HvXIGjFLhJ7BjaGYSE4b"},"302":{"__uuid__":"ce3eXAzJ9FqLDKN8yMhpmP"},"303":{"__uuid__":"f8ofyXt2RC+KxAKSEghusg"},"304":{"__uuid__":"d93GpS5gpNuLHPtex+Qohv"},"305":{"__uuid__":"d2QyECT5hBWJbc/d97bgZZ"},"306":{"__uuid__":"e6awhzZ4pMKqjpq0HQOJjT"},"307":{"__uuid__":"f879EZCfxIebBn/0pXlVT4"},"308":{"__uuid__":"049cQsbedNobHIg5eveu+c"},"309":{"__uuid__":"7933j5zRtEQKExk0Nljqx1"},"310":{"__uuid__":"b9A5JH/TNMNZOfGfhO+n/F"},"311":{"__uuid__":"9dMKKWnghBIZ/S7BuCiDYn"},"312":{"__uuid__":"64r8Jg+aZA46k2m827yquE"},"313":{"__uuid__":"3d4FrSEaNA15s7Vh1r+SGQ"},"314":{"__uuid__":"dbe7gwSyhPJ6peiLYw5Fck"},"402":{"__uuid__":"87VTh6rYJHD6d78yEEESDi"},"403":{"__uuid__":"23hV1wAntBt6/jugpY5+lQ"},"404":{"__uuid__":"cf6D0tGlVOFq4cwd65VLdk"},"405":{"__uuid__":"cbmxI/ED9KN7/psuRs85K4"},"406":{"__uuid__":"3cybg3Oy9Pd5EQ9jNjiTIc"},"407":{"__uuid__":"9ax1f4NvFIXbYjeesqbpFi"},"408":{"__uuid__":"bao0TwyiVAd4o7C8BR+Am8"},"409":{"__uuid__":"39kN6mED1KOZk3so42Lev2"},"410":{"__uuid__":"59TueIHa5IOL8B0mFEAeM4"},"411":{"__uuid__":"b2NdecnUBH46WKYPuuQ1e8"},"412":{"__uuid__":"8efgrJGqRF4qDRKUotzDw/"},"413":{"__uuid__":"44awtMxaVEzJaohlLHe8qk"},"414":{"__uuid__":"b4SSEa9hVFnZhzmhgDPgAx"}}},{"__type__":"cc.SpriteFrame","content":{"name":"209","texture":"f6IY/mw9FKW5Pf49krEoYM","rect":[338,338,82,110],"offset":[0,0],"originalSize":[82,110]}},{"__type__":"cc.SpriteFrame","content":{"name":"407","texture":"f6IY/mw9FKW5Pf49krEoYM","rect":[86,226,82,110],"offset":[0,0],"originalSize":[82,110]}},{"__type__":"cc.SpriteFrame","content":{"name":"311","texture":"f6IY/mw9FKW5Pf49krEoYM","rect":[86,450,82,110],"offset":[0,0],"originalSize":[82,110]}},{"__type__":"cc.SpriteFrame","content":{"name":"207","texture":"f6IY/mw9FKW5Pf49krEoYM","rect":[2,898,82,110],"offset":[0,0],"originalSize":[82,110]}},{"__type__":"cc.SpriteFrame","content":{"name":"411","texture":"f6IY/mw9FKW5Pf49krEoYM","rect":[2,226,82,110],"offset":[0,0],"originalSize":[82,110]}},{"__type__":"cc.SpriteFrame","content":{"name":"414","texture":"f6IY/mw9FKW5Pf49krEoYM","rect":[2,2,82,110],"offset":[0,0],"originalSize":[82,110]}},{"__type__":"cc.SpriteFrame","content":{"name":"310","texture":"f6IY/mw9FKW5Pf49krEoYM","rect":[170,338,82,110],"offset":[0,0],"originalSize":[82,110]}},{"__type__":"cc.SpriteFrame","content":{"name":"105","texture":"f6IY/mw9FKW5Pf49krEoYM","rect":[254,898,82,110],"offset":[0,0],"originalSize":[82,110]}},{"__type__":"cc.SpriteFrame","content":{"name":"408","texture":"f6IY/mw9FKW5Pf49krEoYM","rect":[2,338,82,110],"offset":[0,0],"originalSize":[82,110]}},{"__type__":"cc.SpriteFrame","content":{"name":"212","texture":"f6IY/mw9FKW5Pf49krEoYM","rect":[86,674,82,110],"offset":[0,0],"originalSize":[82,110]}},{"__type__":"cc.SpriteFrame","content":{"name":"109","texture":"f6IY/mw9FKW5Pf49krEoYM","rect":[170,898,82,110],"offset":[0,0],"originalSize":[82,110]}},{"__type__":"cc.SpriteFrame","content":{"name":"106","texture":"f6IY/mw9FKW5Pf49krEoYM","rect":[422,562,82,110],"offset":[0,0],"originalSize":[82,110]}},{"__type__":"cc.SpriteFrame","content":{"name":"111","texture":"f6IY/mw9FKW5Pf49krEoYM","rect":[338,562,82,110],"offset":[0,0],"originalSize":[82,110]}},{"__type__":"cc.SpriteFrame","content":{"name":"405","texture":"f6IY/mw9FKW5Pf49krEoYM","rect":[254,2,82,110],"offset":[0,0],"originalSize":[82,110]}},{"__type__":"cc.SpriteFrame","content":{"name":"302","texture":"f6IY/mw9FKW5Pf49krEoYM","rect":[338,226,82,110],"offset":[0,0],"originalSize":[82,110]}},{"__type__":"cc.SpriteFrame","content":{"name":"203","texture":"f6IY/mw9FKW5Pf49krEoYM","rect":[338,450,82,110],"offset":[0,0],"originalSize":[82,110]}},{"__type__":"cc.SpriteFrame","content":{"name":"404","texture":"f6IY/mw9FKW5Pf49krEoYM","rect":[2,450,82,110],"offset":[0,0],"originalSize":[82,110]}},{"__type__":"cc.SpriteFrame","content":{"name":"305","texture":"f6IY/mw9FKW5Pf49krEoYM","rect":[86,562,82,110],"offset":[0,0],"originalSize":[82,110]}},{"__type__":"cc.SpriteFrame","content":{"name":"214","texture":"f6IY/mw9FKW5Pf49krEoYM","rect":[422,114,82,110],"offset":[0,0],"originalSize":[82,110]}},{"__type__":"cc.SpriteFrame","content":{"name":"304","texture":"f6IY/mw9FKW5Pf49krEoYM","rect":[170,450,82,110],"offset":[0,0],"originalSize":[82,110]}},{"__type__":"cc.SpriteFrame","content":{"name":"314","texture":"f6IY/mw9FKW5Pf49krEoYM","rect":[254,114,82,110],"offset":[0,0],"originalSize":[82,110]}},{"__type__":"cc.SpriteFrame","content":{"name":"104","texture":"f6IY/mw9FKW5Pf49krEoYM","rect":[338,786,82,110],"offset":[0,0],"originalSize":[82,110]}},{"__type__":"cc.SpriteFrame","content":{"name":"211","texture":"f6IY/mw9FKW5Pf49krEoYM","rect":[170,562,82,110],"offset":[0,0],"originalSize":[82,110]}},{"__type__":"cc.SpriteFrame","content":{"name":"306","texture":"f6IY/mw9FKW5Pf49krEoYM","rect":[2,674,82,110],"offset":[0,0],"originalSize":[82,110]}},{"__type__":"cc.SpriteFrame","content":{"name":"213","texture":"f6IY/mw9FKW5Pf49krEoYM","rect":[2,786,82,110],"offset":[0,0],"originalSize":[82,110]}},{"__type__":"cc.SpriteFrame","content":{"name":"303","texture":"f6IY/mw9FKW5Pf49krEoYM","rect":[254,338,82,110],"offset":[0,0],"originalSize":[82,110]}},{"__type__":"cc.SpriteFrame","content":{"name":"307","texture":"f6IY/mw9FKW5Pf49krEoYM","rect":[422,2,82,110],"offset":[0,0],"originalSize":[82,110]}},{"__type__":"cc.SpriteFrame","content":{"name":"210","texture":"f6IY/mw9FKW5Pf49krEoYM","rect":[254,450,82,110],"offset":[0,0],"originalSize":[82,110]}}]