[{"__type__":"cc.SpriteFrame","content":{"name":"icoChouma1","texture":"18f13c12a","rect":[2,204,110,110],"offset":[0,0],"originalSize":[110,110]}},{"__type__":"cc.SpriteFrame","content":{"name":"icoJiazhukuan","texture":"18f13c12a","rect":[2,2,632,198],"offset":[0,0],"originalSize":[632,198]}},{"__type__":"cc.SpriteFrame","content":{"name":"icoGenzhu","texture":"18f13c12a","rect":[638,156,98,98],"offset":[0,0],"originalSize":[98,98]}},{"__type__":"cc.SpriteFrame","content":{"name":"icoQipai","texture":"18f13c12a","rect":[752,104,98,98],"offset":[0,0],"originalSize":[98,98]}},{"__type__":"cc.SpriteFrame","content":{"name":"icoBipai","texture":"18f13c12a","rect":[230,204,98,98],"offset":[0,0],"originalSize":[98,98]}},[{"__type__":"cc.Prefab","_name":"MyView","data":{"__id__":1},"asyncLoadAssets":null},{"__type__":"cc.Node","_name":"MyView","_children":[{"__id__":2},{"__id__":4},{"__id__":6},{"__id__":10},{"__id__":16}],"_components":[{"__type__":"281f8rNKhdFPImCwqIU8Dqj","node":{"__id__":1},"btnQipai":{"__id__":2},"btnJiazhu":{"__id__":4},"btnBipai":{"__id__":6},"btnGenzhu":{"__id__":10},"bgChouma":{"__id__":16},"btnChoumas":[{"__id__":17},{"__id__":20},{"__id__":23},{"__id__":26}],"numChoumas":[{"__id__":19},{"__id__":22},{"__id__":25},{"__id__":28}],"numBipai":{"__id__":8},"numGenzhu":{"__id__":12},"labGenzhu":{"__id__":14},"icoQuan":{"__id__":15}}],"_prefab":{"__type__":"cc.PrefabInfo","root":{"__id__":1},"asset":{"__uuid__":"807X5ZxBlJrbu4ecnCd6Ah"},"fileId":"da7tawjNhCWKDJmIU8Obks"}},{"__type__":"cc.Node","_name":"btnQipai","_parent":{"__id__":1},"_children":[{"__id__":3}],"_components":[{"__type__":"cc.Sprite","node":{"__id__":2},"_spriteFrame":{"__uuid__":"77oVADbeBNHLpgxB3BlcTz"}}],"_prefab":{"__type__":"cc.PrefabInfo","root":{"__id__":1},"asset":{"__uuid__":"807X5ZxBlJrbu4ecnCd6Ah"},"fileId":"26ciEuiOFP5ZkPnzM7A8AD"},"_contentSize":{"__type__":"cc.Size","width":98,"height":98},"_position":{"__type__":"cc.Vec2","x":-208,"y":-229}},{"__type__":"cc.Node","_name":"lab","_parent":{"__id__":2},"_components":[{"__type__":"cc.Label","node":{"__id__":3},"_useOriginalSize":false,"_actualFontSize":22,"_fontSize":22,"_lineHeight":22,"_N$string":"弃牌","_N$horizontalAlign":1,"_N$verticalAlign":1}],"_prefab":{"__type__":"cc.PrefabInfo","root":{"__id__":1},"asset":{"__uuid__":"807X5ZxBlJrbu4ecnCd6Ah"},"fileId":"94lXlsdQ1EhqclfTtsw09h"},"_contentSize":{"__type__":"cc.Size","width":44,"height":22},"_position":{"__type__":"cc.Vec2","y":-66}},{"__type__":"cc.Node","_name":"btnJiazhu","_parent":{"__id__":1},"_children":[{"__id__":5}],"_components":[{"__type__":"cc.Sprite","node":{"__id__":4},"_spriteFrame":{"__uuid__":"a0caSMlr9Nk6h/f6jgEEea"}}],"_prefab":{"__type__":"cc.PrefabInfo","root":{"__id__":1},"asset":{"__uuid__":"807X5ZxBlJrbu4ecnCd6Ah"},"fileId":"0bjuQTfv5H0rTh0wk8s7UV"},"_contentSize":{"__type__":"cc.Size","width":98,"height":98},"_position":{"__type__":"cc.Vec2","x":-85,"y":-132}},{"__type__":"cc.Node","_name":"lab","_parent":{"__id__":4},"_components":[{"__type__":"cc.Label","node":{"__id__":5},"_useOriginalSize":false,"_actualFontSize":22,"_fontSize":22,"_lineHeight":22,"_N$string":"加注","_N$horizontalAlign":1,"_N$verticalAlign":1}],"_prefab":{"__type__":"cc.PrefabInfo","root":{"__id__":1},"asset":{"__uuid__":"807X5ZxBlJrbu4ecnCd6Ah"},"fileId":"d9TxoCBHRIlKun+WskiYCB"},"_contentSize":{"__type__":"cc.Size","width":44,"height":22},"_position":{"__type__":"cc.Vec2","y":-66}},{"__type__":"cc.Node","_name":"btnBipai","_parent":{"__id__":1},"_children":[{"__id__":7},{"__id__":9}],"_components":[{"__type__":"cc.Sprite","node":{"__id__":6},"_spriteFrame":{"__uuid__":"7anZpCa/ZBkLwIPcj1vaUF"}}],"_prefab":{"__type__":"cc.PrefabInfo","root":{"__id__":1},"asset":{"__uuid__":"807X5ZxBlJrbu4ecnCd6Ah"},"fileId":"fbk6qFDXlLg6FyuSc6OCCv"},"_contentSize":{"__type__":"cc.Size","width":98,"height":98},"_position":{"__type__":"cc.Vec2","x":85,"y":-132}},{"__type__":"cc.Node","_name":"num","_parent":{"__id__":6},"_components":[{"__id__":8}],"_prefab":{"__type__":"cc.PrefabInfo","root":{"__id__":1},"asset":{"__uuid__":"807X5ZxBlJrbu4ecnCd6Ah"},"fileId":"9f6YMvF6JOlKaVSKbTv7MF"},"_contentSize":{"__type__":"cc.Size","width":11,"height":20}},{"__type__":"cc.Label","node":{"__id__":7},"_useOriginalSize":false,"_actualFontSize":20,"_fontSize":20,"_lineHeight":20,"_N$string":"1","_N$horizontalAlign":1,"_N$verticalAlign":1},{"__type__":"cc.Node","_name":"lab","_parent":{"__id__":6},"_components":[{"__type__":"cc.Label","node":{"__id__":9},"_useOriginalSize":false,"_actualFontSize":22,"_fontSize":22,"_lineHeight":22,"_N$string":"比牌","_N$horizontalAlign":1,"_N$verticalAlign":1}],"_prefab":{"__type__":"cc.PrefabInfo","root":{"__id__":1},"asset":{"__uuid__":"807X5ZxBlJrbu4ecnCd6Ah"},"fileId":"2a23VpOONDn7MH/OgP7dYs"},"_contentSize":{"__type__":"cc.Size","width":44,"height":22},"_position":{"__type__":"cc.Vec2","y":-66}},{"__type__":"cc.Node","_name":"btnGenzhu","_parent":{"__id__":1},"_children":[{"__id__":11},{"__id__":13},{"__id__":15}],"_components":[{"__type__":"cc.Sprite","node":{"__id__":10},"_spriteFrame":{"__uuid__":"72xdC/YzNIHr9vOMpHSLRe"}}],"_prefab":{"__type__":"cc.PrefabInfo","root":{"__id__":1},"asset":{"__uuid__":"807X5ZxBlJrbu4ecnCd6Ah"},"fileId":"d6frFk5d9OH5VvwvnN0ZrC"},"_contentSize":{"__type__":"cc.Size","width":98,"height":98},"_position":{"__type__":"cc.Vec2","x":208,"y":-229}},{"__type__":"cc.Node","_name":"num","_parent":{"__id__":10},"_components":[{"__id__":12}],"_prefab":{"__type__":"cc.PrefabInfo","root":{"__id__":1},"asset":{"__uuid__":"807X5ZxBlJrbu4ecnCd6Ah"},"fileId":"13fi0yi6ZGPoHugPTl24ek"},"_contentSize":{"__type__":"cc.Size","width":11,"height":20}},{"__type__":"cc.Label","node":{"__id__":11},"_useOriginalSize":false,"_actualFontSize":20,"_fontSize":20,"_lineHeight":20,"_N$string":"1","_N$horizontalAlign":1,"_N$verticalAlign":1},{"__type__":"cc.Node","_name":"lab","_parent":{"__id__":10},"_components":[{"__id__":14}],"_prefab":{"__type__":"cc.PrefabInfo","root":{"__id__":1},"asset":{"__uuid__":"807X5ZxBlJrbu4ecnCd6Ah"},"fileId":"b5Pi6brOxIpLgHXWDz6X+C"},"_contentSize":{"__type__":"cc.Size","width":44,"height":22},"_position":{"__type__":"cc.Vec2","y":-66}},{"__type__":"cc.Label","node":{"__id__":13},"_useOriginalSize":false,"_actualFontSize":22,"_fontSize":22,"_lineHeight":22,"_N$string":"跟注","_N$horizontalAlign":1,"_N$verticalAlign":1},{"__type__":"cc.Node","_name":"icoQuan","_parent":{"__id__":10},"_components":[{"__type__":"cc.Sprite","node":{"__id__":15},"_spriteFrame":{"__uuid__":"bfK1Y4dyFCq6Z0byaiGnKg"}}],"_prefab":{"__type__":"cc.PrefabInfo","root":{"__id__":1},"asset":{"__uuid__":"807X5ZxBlJrbu4ecnCd6Ah"},"fileId":"d8x1a51CpFk7tHIjyTCpOG"},"_contentSize":{"__type__":"cc.Size","width":96,"height":100}},{"__type__":"cc.Node","_name":"chouma","_parent":{"__id__":1},"_children":[{"__id__":17},{"__id__":20},{"__id__":23},{"__id__":26}],"_components":[{"__type__":"cc.Sprite","node":{"__id__":16},"_spriteFrame":{"__uuid__":"3fXZjZCEpOx41px3YaDIkr"},"_sizeMode":0}],"_prefab":{"__type__":"cc.PrefabInfo","root":{"__id__":1},"asset":{"__uuid__":"807X5ZxBlJrbu4ecnCd6Ah"},"fileId":"d45CCsCgdOs4Ocr3VPGTrf"},"_contentSize":{"__type__":"cc.Size","width":600,"height":160},"_position":{"__type__":"cc.Vec2","y":21}},{"__type__":"cc.Node","_name":"0","_parent":{"__id__":16},"_children":[{"__id__":18}],"_components":[{"__type__":"cc.Sprite","node":{"__id__":17},"_spriteFrame":{"__uuid__":"85RcAoHhRKnafMInONJv59"},"_sizeMode":0}],"_prefab":{"__type__":"cc.PrefabInfo","root":{"__id__":1},"asset":{"__uuid__":"807X5ZxBlJrbu4ecnCd6Ah"},"fileId":"63sRli/7BB557Yb8uT+E1c"},"_contentSize":{"__type__":"cc.Size","width":100,"height":100},"_position":{"__type__":"cc.Vec2","x":-210,"y":13}},{"__type__":"cc.Node","_name":"num","_parent":{"__id__":17},"_components":[{"__id__":19}],"_prefab":{"__type__":"cc.PrefabInfo","root":{"__id__":1},"asset":{"__uuid__":"807X5ZxBlJrbu4ecnCd6Ah"},"fileId":"9ffJFh+TVMFb1egxC2tl08"},"_contentSize":{"__type__":"cc.Size","width":12,"height":22}},{"__type__":"cc.Label","node":{"__id__":18},"_useOriginalSize":false,"_actualFontSize":22,"_fontSize":22,"_lineHeight":22,"_N$string":"9","_N$horizontalAlign":1,"_N$verticalAlign":1},{"__type__":"cc.Node","_name":"1","_parent":{"__id__":16},"_children":[{"__id__":21}],"_components":[{"__type__":"cc.Sprite","node":{"__id__":20},"_spriteFrame":{"__uuid__":"90Rs/56i1I6Ikmcdox1SBA"},"_sizeMode":0}],"_prefab":{"__type__":"cc.PrefabInfo","root":{"__id__":1},"asset":{"__uuid__":"807X5ZxBlJrbu4ecnCd6Ah"},"fileId":"57L1s2R3dGPrl7w3t8fBko"},"_contentSize":{"__type__":"cc.Size","width":100,"height":100},"_position":{"__type__":"cc.Vec2","x":-70,"y":13}},{"__type__":"cc.Node","_name":"num","_parent":{"__id__":20},"_components":[{"__id__":22}],"_prefab":{"__type__":"cc.PrefabInfo","root":{"__id__":1},"asset":{"__uuid__":"807X5ZxBlJrbu4ecnCd6Ah"},"fileId":"0c9WLnXrNEyZPm0kGGJyqw"},"_contentSize":{"__type__":"cc.Size","width":12,"height":22}},{"__type__":"cc.Label","node":{"__id__":21},"_useOriginalSize":false,"_actualFontSize":22,"_fontSize":22,"_lineHeight":22,"_N$string":"9","_N$horizontalAlign":1,"_N$verticalAlign":1},{"__type__":"cc.Node","_name":"2","_parent":{"__id__":16},"_children":[{"__id__":24}],"_components":[{"__type__":"cc.Sprite","node":{"__id__":23},"_spriteFrame":{"__uuid__":"93WVTFxpdHD4pMXpJtYo/T"},"_sizeMode":0}],"_prefab":{"__type__":"cc.PrefabInfo","root":{"__id__":1},"asset":{"__uuid__":"807X5ZxBlJrbu4ecnCd6Ah"},"fileId":"32g6EBaBdKR4g5SUuW4Qxf"},"_contentSize":{"__type__":"cc.Size","width":100,"height":100},"_position":{"__type__":"cc.Vec2","x":70,"y":13}},{"__type__":"cc.Node","_name":"num","_parent":{"__id__":23},"_components":[{"__id__":25}],"_prefab":{"__type__":"cc.PrefabInfo","root":{"__id__":1},"asset":{"__uuid__":"807X5ZxBlJrbu4ecnCd6Ah"},"fileId":"01iWfB9CJOt5V1hj2091Us"},"_contentSize":{"__type__":"cc.Size","width":12,"height":22}},{"__type__":"cc.Label","node":{"__id__":24},"_useOriginalSize":false,"_actualFontSize":22,"_fontSize":22,"_lineHeight":22,"_N$string":"9","_N$horizontalAlign":1,"_N$verticalAlign":1},{"__type__":"cc.Node","_name":"3","_parent":{"__id__":16},"_children":[{"__id__":27}],"_components":[{"__type__":"cc.Sprite","node":{"__id__":26},"_spriteFrame":{"__uuid__":"3fCTRK2ChL+aXs7wat/i0c"},"_sizeMode":0}],"_prefab":{"__type__":"cc.PrefabInfo","root":{"__id__":1},"asset":{"__uuid__":"807X5ZxBlJrbu4ecnCd6Ah"},"fileId":"benQpP0x9GjJXDdeTjJtnn"},"_contentSize":{"__type__":"cc.Size","width":100,"height":100},"_position":{"__type__":"cc.Vec2","x":210,"y":13}},{"__type__":"cc.Node","_name":"num","_parent":{"__id__":26},"_components":[{"__id__":28}],"_prefab":{"__type__":"cc.PrefabInfo","root":{"__id__":1},"asset":{"__uuid__":"807X5ZxBlJrbu4ecnCd6Ah"},"fileId":"50ebrXUIlJEbw4lRO21n4w"},"_contentSize":{"__type__":"cc.Size","width":24,"height":22}},{"__type__":"cc.Label","node":{"__id__":27},"_useOriginalSize":false,"_actualFontSize":22,"_fontSize":22,"_lineHeight":22,"_N$string":"10","_N$horizontalAlign":1,"_N$verticalAlign":1}],{"__type__":"cc.SpriteFrame","content":{"name":"icoChouma6","texture":"18f13c12a","rect":[638,42,110,110],"offset":[0,0],"originalSize":[110,110]}},{"__type__":"cc.SpriteFrame","content":{"name":"icoChouma3","texture":"18f13c12a","rect":[2,318,110,110],"offset":[0,0],"originalSize":[110,110]}},{"__type__":"cc.SpriteFrame","content":{"name":"icoChouma4","texture":"18f13c12a","rect":[116,204,110,110],"offset":[0,0],"originalSize":[110,110]}},{"__type__":"cc.SpriteFrame","content":{"name":"icoJiazhu","texture":"18f13c12a","rect":[895,2,98,98],"offset":[0,0],"originalSize":[98,98]}},{"__type__":"cc.SpriteFrame","content":{"name":"icoZidong","texture":"18f13c12a","rect":[116,318,96,100],"offset":[0,0],"originalSize":[96,100]}}]