{"__type__":"cc.SpriteAtlas","_spriteFrames":{"bg7":{"__uuid__":"59yc4LGZhA6bH9gWGzbqVk"},"bg9":{"__uuid__":"69LFfQx0pHCIXsRSHjPnZB"},"btnClose":{"__uuid__":"44ywFC/DZG2pn+4Fv3/v2f"},"bgGuan":{"__uuid__":"67vwLd38BPZbUa2EbYW4ew"},"bgKai":{"__uuid__":"4bgjwaA9BBsJkB8rV1EW2y"},"labYXSZ":{"__uuid__":"d6y1QNb/FPKoydn48EDccu"},"icoQuan":{"__uuid__":"6d0Lm3R4NKhI0UfaTH/V71"},"icoGou":{"__uuid__":"bdlgRe4uBKN7tXaqd+3ZiB"},"bg10":{"__uuid__":"42pbY7H71OlqniM6Fxu8OC"},"bg8":{"__uuid__":"fegvNb/4tEALYOFaQn0kFu"}}}