[{"__type__":"cc.SpriteFrame","content":{"name":"4","texture":"f6IY/mw9FKW5Pf49krEoYM","rect":[191,0,62,72],"offset":[0,0],"originalSize":[64,81]}},{"__type__":"cc.SpriteFrame","content":{"name":"2","texture":"f6IY/mw9FKW5Pf49krEoYM","rect":[0,147,36,77],"offset":[0,0],"originalSize":[64,81]}},{"__type__":"cc.SpriteFrame","content":{"name":"8","texture":"f6IY/mw9FKW5Pf49krEoYM","rect":[121,143,43,79],"offset":[0,0],"originalSize":[64,81]}},{"__type__":"cc.SpriteFrame","content":{"name":"1","texture":"f6IY/mw9FKW5Pf49krEoYM","rect":[121,80,60,61],"offset":[0,0],"originalSize":[64,81]}},{"__type__":"cc.SpriteFrame","content":{"name":"6","texture":"f6IY/mw9FKW5Pf49krEoYM","rect":[66,75,53,80],"offset":[0,0],"originalSize":[64,81]}},{"__type__":"cc.SpriteFrame","content":{"name":"7","texture":"f6IY/mw9FKW5Pf49krEoYM","rect":[191,74,54,79],"offset":[0,0],"originalSize":[64,81]}},{"__type__":"cc.SpriteAtlas","_name":"card.plist","_spriteFrames":{"1":{"__uuid__":"791+kKQrdFs7YjNAAZhgmj"},"2":{"__uuid__":"591zQCKy5F1JmxoCuJDrzK"},"3":{"__uuid__":"f307Ch6CZJ8KYcq2q4ld4N"},"4":{"__uuid__":"46d4RcONBH3IzA6OpM8tS4"},"5":{"__uuid__":"f2jSu+ZblN65nWukCRamAI"},"6":{"__uuid__":"7c259RmFBOUoqIT92ftPro"},"7":{"__uuid__":"90k7Rx8wBN1rdG9nPXJmOg"},"8":{"__uuid__":"71KZZJfkhP/rlrigMwIXuu"},"9":{"__uuid__":"c1TCMsoeFNxoA2zBN1Z6Sb"},"10":{"__uuid__":"c3iDEjQ0ZGHLdFY9ubbm8x"}}},{"__type__":"cc.SpriteFrame","content":{"name":"9","texture":"f6IY/mw9FKW5Pf49krEoYM","rect":[0,0,64,77],"offset":[0,1],"originalSize":[64,81]}},{"__type__":"cc.SpriteFrame","content":{"name":"10","texture":"f6IY/mw9FKW5Pf49krEoYM","rect":[131,0,58,78],"offset":[0,0],"originalSize":[64,81]}},{"__type__":"cc.SpriteFrame","content":{"name":"5","texture":"f6IY/mw9FKW5Pf49krEoYM","rect":[66,0,63,73],"offset":[0,0],"originalSize":[64,81]}},{"__type__":"cc.SpriteFrame","content":{"name":"3","texture":"f6IY/mw9FKW5Pf49krEoYM","rect":[0,79,63,66],"offset":[0,0],"originalSize":[64,81]}}]