[[{"__type__":"cc.Prefab","_name":"ViewVoice","data":{"__id__":1},"asyncLoadAssets":null},{"__type__":"cc.Node","_name":"ViewVoice","_children":[{"__id__":2},{"__id__":3},{"__id__":13}],"_components":[{"__type__":"fa975zQyrFBTY5KChj5WZuK","node":{"__id__":1},"bgVoice":{"__id__":3},"bgTip":{"__id__":13},"bgBar":{"__id__":5},"sprBar":{"__id__":7},"labBar":{"__id__":9},"btnFS":{"__id__":11},"btnClose":{"__id__":10}}],"_prefab":{"__type__":"cc.PrefabInfo","root":{"__id__":1},"asset":{"__uuid__":"05/O9yRwdPKLWIC80ZGnrE"},"fileId":"07WTPvjBRPIKTGUlUcCXNw"},"_contentSize":{"__type__":"cc.Size","width":640,"height":1000}},{"__type__":"cc.Node","_name":"M","_parent":{"__id__":1},"_components":[{"__type__":"cc.Widget","node":{"__id__":2},"isAlignOnce":false,"_alignFlags":45,"_originalWidth":640,"_originalHeight":1000},{"__type__":"cc.Button","node":{"__id__":2},"_N$target":{"__id__":2}}],"_prefab":{"__type__":"cc.PrefabInfo","root":{"__id__":1},"asset":{"__uuid__":"05/O9yRwdPKLWIC80ZGnrE"},"fileId":"a0LKEnvslMDqgtaHytRRUL"},"_contentSize":{"__type__":"cc.Size","width":640,"height":1000}},{"__type__":"cc.Node","_name":"Voice","_parent":{"__id__":1},"_children":[{"__id__":4},{"__id__":5},{"__id__":10},{"__id__":11},{"__id__":12}],"_components":[{"__type__":"cc.Sprite","node":{"__id__":3},"_spriteFrame":{"__uuid__":"83ZDBn4m5JMIrdyHIAUhsO"},"_type":1,"_sizeMode":0},{"__type__":"cc.Button","node":{"__id__":3},"_N$target":{"__id__":3}}],"_prefab":{"__type__":"cc.PrefabInfo","root":{"__id__":1},"asset":{"__uuid__":"05/O9yRwdPKLWIC80ZGnrE"},"fileId":"eb3wRmhdlPSptYsSg77/TO"},"_contentSize":{"__type__":"cc.Size","width":360,"height":300},"_position":{"__type__":"cc.Vec2","y":20}},{"__type__":"cc.Node","_name":"voice2","_parent":{"__id__":3},"_components":[{"__type__":"cc.Sprite","node":{"__id__":4},"_spriteFrame":{"__uuid__":"92INE1HHZO4ot8H0JUVd6o"}}],"_prefab":{"__type__":"cc.PrefabInfo","root":{"__id__":1},"asset":{"__uuid__":"05/O9yRwdPKLWIC80ZGnrE"},"fileId":"624YSM8elPZZ8DpHj0zKdK"},"_contentSize":{"__type__":"cc.Size","width":68,"height":98},"_position":{"__type__":"cc.Vec2","y":54}},{"__type__":"cc.Node","_name":"bgBar","_parent":{"__id__":3},"_children":[{"__id__":6},{"__id__":8}],"_components":[{"__type__":"cc.Sprite","node":{"__id__":5},"_spriteFrame":{"__uuid__":"f811+CAS1CCZRy4YuTRB3E"},"_type":3,"_fillRange":1}],"_prefab":{"__type__":"cc.PrefabInfo","root":{"__id__":1},"asset":{"__uuid__":"05/O9yRwdPKLWIC80ZGnrE"},"fileId":"e0+nqphW1Ji5xTFCG/b5q6"},"_contentSize":{"__type__":"cc.Size","width":304,"height":34},"_position":{"__type__":"cc.Vec2","y":-30}},{"__type__":"cc.Node","_name":"sprBar","_parent":{"__id__":5},"_components":[{"__id__":7}],"_prefab":{"__type__":"cc.PrefabInfo","root":{"__id__":1},"asset":{"__uuid__":"05/O9yRwdPKLWIC80ZGnrE"},"fileId":"25xgC5jYpDXbO8F+8b3JZm"},"_color":{"__type__":"cc.Color","r":189,"g":189,"b":189},"_contentSize":{"__type__":"cc.Size","width":304,"height":34}},{"__type__":"cc.Sprite","node":{"__id__":6},"_spriteFrame":{"__uuid__":"f811+CAS1CCZRy4YuTRB3E"},"_type":3},{"__type__":"cc.Node","_name":"labBar","_parent":{"__id__":5},"_components":[{"__id__":9}],"_prefab":{"__type__":"cc.PrefabInfo","root":{"__id__":1},"asset":{"__uuid__":"05/O9yRwdPKLWIC80ZGnrE"},"fileId":"c0AlOEmVFKvo0CfGSLGx7I"},"_color":{"__type__":"cc.Color","r":222,"g":222,"b":222},"_contentSize":{"__type__":"cc.Size","width":33,"height":30}},{"__type__":"cc.Label","node":{"__id__":8},"_useOriginalSize":false,"_actualFontSize":30,"_fontSize":30,"_lineHeight":30,"_N$string":"10","_N$horizontalAlign":1,"_N$verticalAlign":1},{"__type__":"cc.Node","_name":"btnClose","_parent":{"__id__":3},"_components":[{"__type__":"cc.Label","node":{"__id__":10},"_useOriginalSize":false,"_actualFontSize":30,"_fontSize":30,"_lineHeight":30,"_N$string":"取消","_N$horizontalAlign":1,"_N$verticalAlign":1,"_N$overflow":1}],"_prefab":{"__type__":"cc.PrefabInfo","root":{"__id__":1},"asset":{"__uuid__":"05/O9yRwdPKLWIC80ZGnrE"},"fileId":"68+TpqPLBB0K++h5hI/uwt"},"_color":{"__type__":"cc.Color","r":222,"g":222,"b":222},"_contentSize":{"__type__":"cc.Size","width":120,"height":70},"_position":{"__type__":"cc.Vec2","x":-90,"y":-100}},{"__type__":"cc.Node","_name":"btnFS","_parent":{"__id__":3},"_components":[{"__type__":"cc.Label","node":{"__id__":11},"_useOriginalSize":false,"_actualFontSize":30,"_fontSize":30,"_lineHeight":30,"_N$string":"发送","_N$horizontalAlign":1,"_N$verticalAlign":1,"_N$overflow":1}],"_prefab":{"__type__":"cc.PrefabInfo","root":{"__id__":1},"asset":{"__uuid__":"05/O9yRwdPKLWIC80ZGnrE"},"fileId":"e2ddqe9kRLd7WjbodJF2kf"},"_color":{"__type__":"cc.Color","r":222,"g":222,"b":222},"_contentSize":{"__type__":"cc.Size","width":120,"height":70},"_position":{"__type__":"cc.Vec2","x":90,"y":-100}},{"__type__":"cc.Node","_name":"btnQX","_parent":{"__id__":3},"_components":[{"__type__":"cc.Label","node":{"__id__":12},"_useOriginalSize":false,"_actualFontSize":30,"_fontSize":30,"_lineHeight":30,"_N$string":"|","_N$horizontalAlign":1,"_N$verticalAlign":1}],"_prefab":{"__type__":"cc.PrefabInfo","root":{"__id__":1},"asset":{"__uuid__":"05/O9yRwdPKLWIC80ZGnrE"},"fileId":"4a+5JLdlZFB64xBpZ2LFKa"},"_color":{"__type__":"cc.Color","r":222,"g":222,"b":222},"_contentSize":{"__type__":"cc.Size","width":8,"height":30},"_position":{"__type__":"cc.Vec2","y":-100}},{"__type__":"cc.Node","_name":"bgTip","_parent":{"__id__":1},"_children":[{"__id__":14}],"_active":false,"_components":[{"__type__":"cc.Sprite","node":{"__id__":13},"_spriteFrame":{"__uuid__":"83ZDBn4m5JMIrdyHIAUhsO"},"_type":1,"_sizeMode":0},{"__type__":"cc.Button","node":{"__id__":13},"_N$target":{"__id__":13}}],"_prefab":{"__type__":"cc.PrefabInfo","root":{"__id__":1},"asset":{"__uuid__":"05/O9yRwdPKLWIC80ZGnrE"},"fileId":"19xgTZFNxO6I7C5pXQ7TTj"},"_contentSize":{"__type__":"cc.Size","width":120,"height":40},"_position":{"__type__":"cc.Vec2","y":20}},{"__type__":"cc.Node","_name":"New Label","_parent":{"__id__":13},"_components":[{"__type__":"cc.Label","node":{"__id__":14},"_useOriginalSize":false,"_actualFontSize":26,"_fontSize":26,"_lineHeight":30,"_N$string":"发送失败","_N$horizontalAlign":1,"_N$verticalAlign":1}],"_prefab":{"__type__":"cc.PrefabInfo","root":{"__id__":1},"asset":{"__uuid__":"05/O9yRwdPKLWIC80ZGnrE"},"fileId":"9foK6rrHBHwLA7WDXNq1Cj"},"_contentSize":{"__type__":"cc.Size","width":104,"height":30}}],{"__type__":"cc.SpriteFrame","content":{"name":"voice1","texture":"130fa3c78","rect":[2,335,40,40],"offset":[0,0],"originalSize":[40,40],"capInsets":[15,15,15,15]}},{"__type__":"cc.SpriteFrame","content":{"name":"voice2","texture":"130fa3c78","rect":[2,2,68,98],"offset":[0,0],"originalSize":[68,98]}},{"__type__":"cc.SpriteFrame","content":{"name":"voice3","texture":"130fa3c78","rect":[62,267,304,34],"offset":[0,0],"originalSize":[304,34]}}]