[[{"__type__":"cc.Prefab","_name":"AnimXiayiju","data":{"__id__":1},"asyncLoadAssets":null},{"__type__":"cc.Node","_name":"AnimXiayiju","_children":[{"__id__":2},{"__id__":3},{"__id__":4},{"__id__":5},{"__id__":6},{"__id__":7},{"__id__":8},{"__id__":9},{"__id__":10}],"_components":[{"__type__":"cc.Layout","node":{"__id__":1},"_layoutSize":{"__type__":"cc.Size","width":241},"_resize":1,"_N$layoutType":1}],"_prefab":{"__type__":"cc.PrefabInfo","root":{"__id__":1},"asset":{"__uuid__":"20YsDUIV9CtLU+xq0/doCt"},"fileId":"28Lcit/3xHdaQxaiHABol3"},"_contentSize":{"__type__":"cc.Size","width":241}},{"__type__":"cc.Node","_name":"labYou","_parent":{"__id__":1},"_components":[{"__type__":"cc.Sprite","node":{"__id__":2},"_spriteFrame":{"__uuid__":"da8ZYHRhFPb6y4MFVplY35"}}],"_prefab":{"__type__":"cc.PrefabInfo","root":{"__id__":1},"asset":{"__uuid__":"20YsDUIV9CtLU+xq0/doCt"},"fileId":"62W0iGl6RM3LSrdWkORvYR"},"_contentSize":{"__type__":"cc.Size","width":36,"height":36},"_position":{"__type__":"cc.Vec2","x":-102.5}},{"__type__":"cc.Node","_name":"labXi","_parent":{"__id__":1},"_components":[{"__type__":"cc.Sprite","node":{"__id__":3},"_spriteFrame":{"__uuid__":"9dJudgSEhGi6J+FmAI6wK/"}}],"_prefab":{"__type__":"cc.PrefabInfo","root":{"__id__":1},"asset":{"__uuid__":"20YsDUIV9CtLU+xq0/doCt"},"fileId":"edtmLUJRZDl6wivvtKqN6j"},"_contentSize":{"__type__":"cc.Size","width":36,"height":38},"_position":{"__type__":"cc.Vec2","x":-66.5}},{"__type__":"cc.Node","_name":"labMa","_parent":{"__id__":1},"_components":[{"__type__":"cc.Sprite","node":{"__id__":4},"_spriteFrame":{"__uuid__":"828c1Ny/NCaoNPKBQQaMVu"}}],"_prefab":{"__type__":"cc.PrefabInfo","root":{"__id__":1},"asset":{"__uuid__":"20YsDUIV9CtLU+xq0/doCt"},"fileId":"b6dpvqPFNByYmC5XbEN3os"},"_contentSize":{"__type__":"cc.Size","width":34,"height":34},"_position":{"__type__":"cc.Vec2","x":-31.5}},{"__type__":"cc.Node","_name":"labShang","_parent":{"__id__":1},"_components":[{"__type__":"cc.Sprite","node":{"__id__":5},"_spriteFrame":{"__uuid__":"4dy3Q2KAJBSLmTY9twWPev"}}],"_prefab":{"__type__":"cc.PrefabInfo","root":{"__id__":1},"asset":{"__uuid__":"20YsDUIV9CtLU+xq0/doCt"},"fileId":"5e+wDnO0NFA4Ex4jP0d6WX"},"_contentSize":{"__type__":"cc.Size","width":36,"height":35},"_position":{"__type__":"cc.Vec2","x":3.5}},{"__type__":"cc.Node","_name":"labKai","_parent":{"__id__":1},"_components":[{"__type__":"cc.Sprite","node":{"__id__":6},"_spriteFrame":{"__uuid__":"acos29rE9KFJYAdlcBwXnw"}}],"_prefab":{"__type__":"cc.PrefabInfo","root":{"__id__":1},"asset":{"__uuid__":"20YsDUIV9CtLU+xq0/doCt"},"fileId":"9cl5nGzelIi5s3/fgt4426"},"_contentSize":{"__type__":"cc.Size","width":36,"height":34},"_position":{"__type__":"cc.Vec2","x":39.5}},{"__type__":"cc.Node","_name":"labShi","_parent":{"__id__":1},"_components":[{"__type__":"cc.Sprite","node":{"__id__":7},"_spriteFrame":{"__uuid__":"bfZE0dQNRBD7hZjI3J49qt"}}],"_prefab":{"__type__":"cc.PrefabInfo","root":{"__id__":1},"asset":{"__uuid__":"20YsDUIV9CtLU+xq0/doCt"},"fileId":"3fJCuCODlBP5gaHMgB7okW"},"_contentSize":{"__type__":"cc.Size","width":36,"height":36},"_position":{"__type__":"cc.Vec2","x":75.5}},{"__type__":"cc.Node","_name":"dian","_parent":{"__id__":1},"_components":[{"__type__":"cc.Sprite","node":{"__id__":8},"_spriteFrame":{"__uuid__":"9c3TVa9TVGCqNRlCjafWve"}}],"_prefab":{"__type__":"cc.PrefabInfo","root":{"__id__":1},"asset":{"__uuid__":"20YsDUIV9CtLU+xq0/doCt"},"fileId":"f5+WJIxoVAeKJ53DTIXu0p"},"_contentSize":{"__type__":"cc.Size","width":9,"height":10},"_position":{"__type__":"cc.Vec2","x":98}},{"__type__":"cc.Node","_name":"dian","_parent":{"__id__":1},"_components":[{"__type__":"cc.Sprite","node":{"__id__":9},"_spriteFrame":{"__uuid__":"9c3TVa9TVGCqNRlCjafWve"}}],"_prefab":{"__type__":"cc.PrefabInfo","root":{"__id__":1},"asset":{"__uuid__":"20YsDUIV9CtLU+xq0/doCt"},"fileId":"23ibwXx+5JLbf9WsnuAuA0"},"_contentSize":{"__type__":"cc.Size","width":9,"height":10},"_position":{"__type__":"cc.Vec2","x":107}},{"__type__":"cc.Node","_name":"dian","_parent":{"__id__":1},"_components":[{"__type__":"cc.Sprite","node":{"__id__":10},"_spriteFrame":{"__uuid__":"9c3TVa9TVGCqNRlCjafWve"}}],"_prefab":{"__type__":"cc.PrefabInfo","root":{"__id__":1},"asset":{"__uuid__":"20YsDUIV9CtLU+xq0/doCt"},"fileId":"fdWWcdTCtHOavAsVp1LDRW"},"_contentSize":{"__type__":"cc.Size","width":9,"height":10},"_position":{"__type__":"cc.Vec2","x":116}}],{"__type__":"cc.SpriteFrame","content":{"name":"labShang","texture":"1de93ff4e","rect":[81,42,36,35],"offset":[0,0],"originalSize":[36,35]}},{"__type__":"cc.SpriteFrame","content":{"name":"labMa","texture":"1de93ff4e","rect":[2,165,34,34],"offset":[0,0],"originalSize":[34,34]}},{"__type__":"cc.SpriteFrame","content":{"name":"labDian","texture":"1de93ff4e","rect":[81,81,9,10],"offset":[0,0],"originalSize":[9,10]}},{"__type__":"cc.SpriteFrame","content":{"name":"labXi","texture":"1de93ff4e","rect":[2,2,36,38],"offset":[0,0],"originalSize":[36,38]}},{"__type__":"cc.SpriteFrame","content":{"name":"labKai","texture":"1de93ff4e","rect":[122,2,36,34],"offset":[0,0],"originalSize":[36,34]}},{"__type__":"cc.SpriteFrame","content":{"name":"labShi","texture":"1de93ff4e","rect":[82,2,36,36],"offset":[0,0],"originalSize":[36,36]}},{"__type__":"cc.SpriteFrame","content":{"name":"labYou","texture":"1de93ff4e","rect":[41,84,36,36],"offset":[0,0],"originalSize":[36,36]}}]