[{"__type__":"cc.SpriteFrame","content":{"name":"bgS","texture":"1fe7ecfea","rect":[2,348,240,360],"offset":[0,0],"originalSize":[240,360]}},{"__type__":"cc.SpriteFrame","content":{"name":"bg3","texture":"1fe7ecfea","rect":[246,646,50,50],"offset":[0,0],"originalSize":[50,50],"capInsets":[15,13,12,14]}},{"__type__":"cc.SpriteFrame","content":{"name":"icoXin","texture":"1fe7ecfea","rect":[992,2,23,23],"offset":[0,0],"originalSize":[25,25]}},{"__type__":"cc.SpriteFrame","content":{"name":"share","texture":"1fe7ecfea","rect":[608,646,256,64],"offset":[0,0],"originalSize":[256,64]}},{"__type__":"cc.SpriteFrame","content":{"name":"icoJiantou","texture":"1fe7ecfea","rect":[608,348,31,19],"offset":[0,0],"originalSize":[31,19]}},{"__type__":"cc.SpriteFrame","content":{"name":"bg4","texture":"1fe7ecfea","rect":[56,960,50,50],"offset":[0,0],"originalSize":[50,50],"capInsets":[14,13,15,13]}},{"__type__":"cc.SpriteFrame","content":{"name":"bgGame3","texture":"1fe7ecfea","rect":[646,2,640,342],"offset":[0,0],"originalSize":[640,342],"rotated":1}},{"__type__":"cc.SpriteFrame","content":{"name":"bg1","texture":"1fe7ecfea","rect":[2,712,602,244],"offset":[0,0],"originalSize":[602,244]}},{"__type__":"cc.SpriteFrame","content":{"name":"bgGame2","texture":"1fe7ecfea","rect":[2,2,640,342],"offset":[0,0],"originalSize":[640,342]}},[{"__type__":"cc.SceneAsset","_name":"Hall","scene":{"__id__":1},"asyncLoadAssets":null},{"__type__":"cc.Scene","_name":"New Node","_children":[{"__id__":2}],"_anchorPoint":{"__type__":"cc.Vec2"},"autoReleaseAssets":false},{"__type__":"cc.Node","_name":"Canvas","_parent":{"__id__":1},"_children":[{"__id__":3},{"__id__":4},{"__id__":86}],"_components":[{"__type__":"cc.Canvas","node":{"__id__":2},"_designResolution":{"__type__":"cc.Size","width":640,"height":1100},"_fitWidth":true,"_fitHeight":false},{"__type__":"8f688TeNBhFeKTXaFB23BpX","node":{"__id__":2},"tip":{"__id__":85},"bgGames":[{"__id__":7},{"__id__":8}],"content":{"__id__":6},"infos":[{"__id__":9},{"__id__":10},{"__id__":59}],"zhuangtai":{"__id__":13},"biaoti":{"__id__":44},"shijian":{"__id__":46},"moshi":{"__id__":48},"difen":{"__id__":50},"panshu":{"__id__":52},"labL":{"__id__":55},"labR":{"__id__":58},"heads":[{"__id__":16},{"__id__":19},{"__id__":22},{"__id__":25},{"__id__":28}],"heads9ren":[{"__id__":16},{"__id__":19},{"__id__":34},{"__id__":22},{"__id__":37},{"__id__":40},{"__id__":25},{"__id__":31},{"__id__":28}],"icoGJ":{"__id__":78},"zujuzhe":{"__id__":73},"joinPlayerNode":{"__id__":82},"share":{"__id__":86},"listSY":{"__id__":62},"mask":{"__id__":41}}],"_id":"1aowG4aOFNmofjGco5ApMn","_contentSize":{"__type__":"cc.Size","width":640,"height":1100},"_position":{"__type__":"cc.Vec2","x":320,"y":550}},{"__type__":"cc.Node","_name":"bg","_parent":{"__id__":2},"_components":[{"__type__":"cc.Sprite","node":{"__id__":3},"_spriteFrame":{"__uuid__":"a2MjXRFdtLlYQ5ouAFv/+R"},"_sizeMode":0},{"__type__":"cc.Widget","node":{"__id__":3},"_alignFlags":45,"_originalWidth":640,"_originalHeight":1000}],"_color":{"__type__":"cc.Color","r":27,"g":22,"b":27},"_contentSize":{"__type__":"cc.Size","width":640,"height":1100}},{"__type__":"cc.Node","_name":"scrollView","_parent":{"__id__":2},"_children":[{"__id__":5}],"_components":[{"__type__":"cc.ScrollView","node":{"__id__":4},"content":{"__id__":6},"horizontal":false,"brake":0.75,"elastic":false,"bounceDuration":0.23,"_N$horizontalScrollBar":null,"_N$verticalScrollBar":null},{"__type__":"cc.Widget","node":{"__id__":4},"_alignFlags":45,"_originalWidth":640,"_originalHeight":1000}],"_prefab":{"__type__":"cc.PrefabInfo","root":{"__id__":4},"fileId":"1cs43nsQ5D9KpO2TDCurC8"},"_anchorPoint":{"__type__":"cc.Vec2","x":0.5,"y":1},"_contentSize":{"__type__":"cc.Size","width":640,"height":1100},"_position":{"__type__":"cc.Vec2","y":550}},{"__type__":"cc.Node","_name":"view","_parent":{"__id__":4},"_children":[{"__id__":6}],"_components":[{"__type__":"cc.Mask","node":{"__id__":5}},{"__type__":"cc.Widget","node":{"__id__":5},"_alignFlags":45,"_originalWidth":640,"_originalHeight":1000}],"_prefab":{"__type__":"cc.PrefabInfo","root":{"__id__":4},"fileId":"6ceE48XAtNNZcP/maS5tLN"},"_anchorPoint":{"__type__":"cc.Vec2","x":0.5,"y":1},"_contentSize":{"__type__":"cc.Size","width":640,"height":1100}},{"__type__":"cc.Node","_name":"content","_parent":{"__id__":5},"_children":[{"__id__":7},{"__id__":8},{"__id__":9}],"_components":[{"__type__":"cc.Layout","node":{"__id__":6},"_layoutSize":{"__type__":"cc.Size","width":602,"height":764},"_resize":1}],"_prefab":{"__type__":"cc.PrefabInfo","root":{"__id__":4},"fileId":"03TpHWn+ZBnru5mx47d9aL"},"_anchorPoint":{"__type__":"cc.Vec2","x":0.5,"y":1.41},"_contentSize":{"__type__":"cc.Size","width":602,"height":764}},{"__type__":"cc.Node","_name":"icoGame","_parent":{"__id__":6},"_active":false,"_components":[{"__type__":"cc.Sprite","node":{"__id__":7},"_spriteFrame":{"__uuid__":"62ivTJyV5MrqT4NfDQo9cc"}}],"_prefab":{"__type__":"cc.PrefabInfo","root":{"__id__":4},"fileId":"bfJCAgWQxA55BiO1X2An3f"},"_anchorPoint":{"__type__":"cc.Vec2","x":0.5,"y":1},"_contentSize":{"__type__":"cc.Size","width":640,"height":342}},{"__type__":"cc.Node","_name":"bgGame3","_parent":{"__id__":6},"_active":false,"_components":[{"__type__":"cc.Sprite","node":{"__id__":8},"_spriteFrame":{"__uuid__":"5bzO3JdB9O/r3tTE1+VrHu"}}],"_anchorPoint":{"__type__":"cc.Vec2","x":0.5,"y":1},"_contentSize":{"__type__":"cc.Size","width":640,"height":342}},{"__type__":"cc.Node","_name":"bg2","_parent":{"__id__":6},"_children":[{"__id__":10},{"__id__":59}],"_components":[{"__type__":"cc.Sprite","node":{"__id__":9},"_spriteFrame":{"__uuid__":"ecDgmV4j9KsoiecY4ZHIkJ"},"_type":1,"_sizeMode":0},{"__type__":"cc.Layout","node":{"__id__":9},"_layoutSize":{"__type__":"cc.Size","width":580,"height":764},"_resize":1,"_N$layoutType":2}],"_prefab":{"__type__":"cc.PrefabInfo","root":{"__id__":4},"fileId":"61g8TGQ4xALZ5KY0bAx4zM"},"_anchorPoint":{"__type__":"cc.Vec2","x":0.5,"y":1},"_contentSize":{"__type__":"cc.Size","width":580,"height":764},"_position":{"__type__":"cc.Vec2","y":-311}},{"__type__":"cc.Node","_name":"info1","_parent":{"__id__":9},"_children":[{"__id__":11},{"__id__":41},{"__id__":42},{"__id__":53},{"__id__":56}],"_anchorPoint":{"__type__":"cc.Vec2","x":0.5,"y":1},"_contentSize":{"__type__":"cc.Size","width":580,"height":350}},{"__type__":"cc.Node","_name":"bgS","_parent":{"__id__":10},"_children":[{"__id__":12},{"__id__":14},{"__id__":17},{"__id__":20},{"__id__":23},{"__id__":26},{"__id__":29},{"__id__":32},{"__id__":35},{"__id__":38}],"_components":[{"__type__":"cc.Sprite","node":{"__id__":11},"_spriteFrame":{"__uuid__":"14iZPmkWRC+oMiG2qUh43A"},"_sizeMode":0}],"_contentSize":{"__type__":"cc.Size","width":220,"height":330},"_position":{"__type__":"cc.Vec2","x":-163,"y":-180}},{"__type__":"cc.Node","_name":"New Label","_parent":{"__id__":11},"_components":[{"__id__":13}],"_color":{"__type__":"cc.Color","r":253,"g":253,"b":253},"_contentSize":{"__type__":"cc.Size","height":32}},{"__type__":"cc.Label","node":{"__id__":12},"_useOriginalSize":false,"_actualFontSize":32,"_fontSize":32,"_lineHeight":32,"_N$string":"","_N$horizontalAlign":1,"_N$verticalAlign":1},{"__type__":"cc.Node","_name":"0","_parent":{"__id__":11},"_children":[{"__id__":15}],"_components":[{"__type__":"cc.Mask","node":{"__id__":14},"_type":1}],"_contentSize":{"__type__":"cc.Size","width":60,"height":60},"_position":{"__type__":"cc.Vec2","y":-120}},{"__type__":"cc.Node","_name":"head","_parent":{"__id__":14},"_active":false,"_components":[{"__id__":16}],"_contentSize":{"__type__":"cc.Size","width":60,"height":60}},{"__type__":"cc.Sprite","node":{"__id__":15},"_sizeMode":0},{"__type__":"cc.Node","_name":"1","_parent":{"__id__":11},"_children":[{"__id__":18}],"_components":[{"__type__":"cc.Mask","node":{"__id__":17},"_type":1}],"_contentSize":{"__type__":"cc.Size","width":60,"height":60},"_position":{"__type__":"cc.Vec2","x":72,"y":-60}},{"__type__":"cc.Node","_name":"head","_parent":{"__id__":17},"_active":false,"_components":[{"__id__":19}],"_contentSize":{"__type__":"cc.Size","width":60,"height":60}},{"__type__":"cc.Sprite","node":{"__id__":18},"_sizeMode":0},{"__type__":"cc.Node","_name":"2","_parent":{"__id__":11},"_children":[{"__id__":21}],"_components":[{"__type__":"cc.Mask","node":{"__id__":20},"_type":1}],"_contentSize":{"__type__":"cc.Size","width":60,"height":60},"_position":{"__type__":"cc.Vec2","x":72,"y":60}},{"__type__":"cc.Node","_name":"head","_parent":{"__id__":20},"_active":false,"_components":[{"__id__":22}],"_contentSize":{"__type__":"cc.Size","width":60,"height":60}},{"__type__":"cc.Sprite","node":{"__id__":21},"_sizeMode":0},{"__type__":"cc.Node","_name":"3","_parent":{"__id__":11},"_children":[{"__id__":24}],"_components":[{"__type__":"cc.Mask","node":{"__id__":23},"_type":1}],"_contentSize":{"__type__":"cc.Size","width":60,"height":60},"_position":{"__type__":"cc.Vec2","x":-72,"y":60}},{"__type__":"cc.Node","_name":"head","_parent":{"__id__":23},"_active":false,"_components":[{"__id__":25}],"_contentSize":{"__type__":"cc.Size","width":60,"height":60}},{"__type__":"cc.Sprite","node":{"__id__":24},"_sizeMode":0},{"__type__":"cc.Node","_name":"4","_parent":{"__id__":11},"_children":[{"__id__":27}],"_components":[{"__type__":"cc.Mask","node":{"__id__":26},"_type":1}],"_contentSize":{"__type__":"cc.Size","width":60,"height":60},"_position":{"__type__":"cc.Vec2","x":-72,"y":-60}},{"__type__":"cc.Node","_name":"head","_parent":{"__id__":26},"_active":false,"_components":[{"__id__":28}],"_contentSize":{"__type__":"cc.Size","width":60,"height":60}},{"__type__":"cc.Sprite","node":{"__id__":27},"_sizeMode":0},{"__type__":"cc.Node","_name":"5","_parent":{"__id__":11},"_children":[{"__id__":30}],"_components":[{"__type__":"cc.Mask","node":{"__id__":29},"_type":1}],"_contentSize":{"__type__":"cc.Size","width":60,"height":60},"_position":{"__type__":"cc.Vec2","x":-72}},{"__type__":"cc.Node","_name":"head","_parent":{"__id__":29},"_active":false,"_components":[{"__id__":31}],"_contentSize":{"__type__":"cc.Size","width":60,"height":60}},{"__type__":"cc.Sprite","node":{"__id__":30},"_sizeMode":0},{"__type__":"cc.Node","_name":"6","_parent":{"__id__":11},"_children":[{"__id__":33}],"_components":[{"__type__":"cc.Mask","node":{"__id__":32},"_type":1}],"_contentSize":{"__type__":"cc.Size","width":60,"height":60},"_position":{"__type__":"cc.Vec2","x":72}},{"__type__":"cc.Node","_name":"head","_parent":{"__id__":32},"_active":false,"_components":[{"__id__":34}],"_contentSize":{"__type__":"cc.Size","width":60,"height":60}},{"__type__":"cc.Sprite","node":{"__id__":33},"_sizeMode":0},{"__type__":"cc.Node","_name":"7","_parent":{"__id__":11},"_children":[{"__id__":36}],"_components":[{"__type__":"cc.Mask","node":{"__id__":35},"_type":1}],"_contentSize":{"__type__":"cc.Size","width":60,"height":60},"_position":{"__type__":"cc.Vec2","x":28,"y":130}},{"__type__":"cc.Node","_name":"head","_parent":{"__id__":35},"_active":false,"_components":[{"__id__":37}],"_contentSize":{"__type__":"cc.Size","width":60,"height":60}},{"__type__":"cc.Sprite","node":{"__id__":36},"_sizeMode":0},{"__type__":"cc.Node","_name":"8","_parent":{"__id__":11},"_children":[{"__id__":39}],"_components":[{"__type__":"cc.Mask","node":{"__id__":38},"_type":1}],"_contentSize":{"__type__":"cc.Size","width":60,"height":60},"_position":{"__type__":"cc.Vec2","x":-28,"y":130}},{"__type__":"cc.Node","_name":"head","_parent":{"__id__":38},"_active":false,"_components":[{"__id__":40}],"_contentSize":{"__type__":"cc.Size","width":60,"height":60}},{"__type__":"cc.Sprite","node":{"__id__":39},"_sizeMode":0},{"__type__":"cc.Node","_name":"mask","_parent":{"__id__":10},"_active":false,"_components":[{"__type__":"cc.Sprite","node":{"__id__":41},"_spriteFrame":{"__uuid__":"a2MjXRFdtLlYQ5ouAFv/+R"},"_sizeMode":0}],"_opacity":100,"_color":{"__type__":"cc.Color"},"_contentSize":{"__type__":"cc.Size","width":220,"height":330},"_position":{"__type__":"cc.Vec2","x":-163,"y":-180}},{"__type__":"cc.Node","_name":"info1","_parent":{"__id__":10},"_children":[{"__id__":43},{"__id__":45},{"__id__":47},{"__id__":49},{"__id__":51}],"_components":[{"__type__":"cc.Layout","node":{"__id__":42},"_layoutSize":{"__type__":"cc.Size","width":310,"height":244},"_resize":1,"_N$layoutType":2}],"_anchorPoint":{"__type__":"cc.Vec2","y":1},"_contentSize":{"__type__":"cc.Size","width":310,"height":244},"_position":{"__type__":"cc.Vec2","x":-40,"y":-9}},{"__type__":"cc.Node","_name":"New Label","_parent":{"__id__":42},"_components":[{"__id__":44}],"_color":{"__type__":"cc.Color","r":72,"g":72,"b":72},"_anchorPoint":{"__type__":"cc.Vec2","y":0.5},"_contentSize":{"__type__":"cc.Size","width":330,"height":60},"_position":{"__type__":"cc.Vec2","y":-30}},{"__type__":"cc.Label","node":{"__id__":43},"_useOriginalSize":false,"_actualFontSize":32,"_fontSize":32,"_N$string":"某某某的拼三张局","_N$verticalAlign":1,"_N$overflow":2},{"__type__":"cc.Node","_name":"New Label","_parent":{"__id__":42},"_components":[{"__id__":46}],"_color":{"__type__":"cc.Color","r":120,"g":120,"b":120},"_anchorPoint":{"__type__":"cc.Vec2","y":0.5},"_contentSize":{"__type__":"cc.Size","width":282,"height":46},"_position":{"__type__":"cc.Vec2","y":-83}},{"__type__":"cc.Label","node":{"__id__":45},"_useOriginalSize":false,"_actualFontSize":26,"_fontSize":26,"_lineHeight":46,"_N$string":"创建时间:  ？？？？？？","_N$horizontalAlign":1,"_N$verticalAlign":1},{"__type__":"cc.Node","_name":"New Label","_parent":{"__id__":42},"_components":[{"__id__":48}],"_color":{"__type__":"cc.Color","r":120,"g":120,"b":120},"_anchorPoint":{"__type__":"cc.Vec2","y":0.5},"_contentSize":{"__type__":"cc.Size","width":222,"height":46},"_position":{"__type__":"cc.Vec2","y":-129}},{"__type__":"cc.Label","node":{"__id__":47},"_useOriginalSize":false,"_actualFontSize":26,"_fontSize":26,"_lineHeight":46,"_N$string":"游戏模式: ？？？？","_N$horizontalAlign":1,"_N$verticalAlign":1},{"__type__":"cc.Node","_name":"New Label","_parent":{"__id__":42},"_components":[{"__id__":50}],"_color":{"__type__":"cc.Color","r":120,"g":120,"b":120},"_anchorPoint":{"__type__":"cc.Vec2","y":0.5},"_contentSize":{"__type__":"cc.Size","width":92,"height":46},"_position":{"__type__":"cc.Vec2","y":-175}},{"__type__":"cc.Label","node":{"__id__":49},"_useOriginalSize":false,"_actualFontSize":26,"_fontSize":26,"_lineHeight":46,"_N$string":"底分: ？","_N$horizontalAlign":1,"_N$verticalAlign":1},{"__type__":"cc.Node","_name":"New Label","_parent":{"__id__":42},"_components":[{"__id__":52}],"_color":{"__type__":"cc.Color","r":120,"g":120,"b":120},"_anchorPoint":{"__type__":"cc.Vec2","y":0.5},"_contentSize":{"__type__":"cc.Size","width":118,"height":46},"_position":{"__type__":"cc.Vec2","y":-221}},{"__type__":"cc.Label","node":{"__id__":51},"_useOriginalSize":false,"_actualFontSize":26,"_fontSize":26,"_lineHeight":46,"_N$string":"盘数: ？？","_N$horizontalAlign":1,"_N$verticalAlign":1},{"__type__":"cc.Node","_name":"btn1","_parent":{"__id__":10},"_children":[{"__id__":54}],"_components":[{"__type__":"cc.Sprite","node":{"__id__":53},"_spriteFrame":{"__uuid__":"1556aNy3JFWZLP0s06PIx0"},"_type":1,"_sizeMode":0},{"__type__":"cc.Button","node":{"__id__":53},"_N$target":{"__id__":53}}],"_color":{"__type__":"cc.Color","r":44,"g":126,"b":236},"_contentSize":{"__type__":"cc.Size","width":146,"height":60},"_position":{"__type__":"cc.Vec2","x":32,"y":-298}},{"__type__":"cc.Node","_name":"New Label","_parent":{"__id__":53},"_components":[{"__id__":55}],"_contentSize":{"__type__":"cc.Size","width":104,"height":26}},{"__type__":"cc.Label","node":{"__id__":54},"_useOriginalSize":false,"_actualFontSize":26,"_fontSize":26,"_lineHeight":26,"_N$string":"立即进入","_N$horizontalAlign":1,"_N$verticalAlign":1},{"__type__":"cc.Node","_name":"btn2","_parent":{"__id__":10},"_children":[{"__id__":57}],"_components":[{"__type__":"cc.Sprite","node":{"__id__":56},"_spriteFrame":{"__uuid__":"55gdRdp8hOYJGVZfMk/b4j"},"_type":1,"_sizeMode":0},{"__type__":"cc.Button","node":{"__id__":56},"_N$target":{"__id__":56}}],"_color":{"__type__":"cc.Color","r":44,"g":126,"b":236},"_contentSize":{"__type__":"cc.Size","width":146,"height":60},"_position":{"__type__":"cc.Vec2","x":200,"y":-298}},{"__type__":"cc.Node","_name":"New Label","_parent":{"__id__":56},"_components":[{"__id__":58}],"_color":{"__type__":"cc.Color","r":44,"g":126,"b":236},"_contentSize":{"__type__":"cc.Size","width":104,"height":26}},{"__type__":"cc.Label","node":{"__id__":57},"_useOriginalSize":false,"_actualFontSize":26,"_fontSize":26,"_lineHeight":26,"_N$string":"邀请朋友","_N$horizontalAlign":1,"_N$verticalAlign":1},{"__type__":"cc.Node","_name":"info2","_parent":{"__id__":9},"_children":[{"__id__":60},{"__id__":71},{"__id__":80},{"__id__":83}],"_components":[{"__type__":"cc.Layout","node":{"__id__":59},"_layoutSize":{"__type__":"cc.Size","width":310,"height":414},"_resize":1,"_N$layoutType":2}],"_prefab":{"__type__":"cc.PrefabInfo","root":{"__id__":4},"fileId":"ebK9k91wRBcLhZwpUQZNK/"},"_anchorPoint":{"__type__":"cc.Vec2","y":1},"_contentSize":{"__type__":"cc.Size","width":310,"height":414},"_position":{"__type__":"cc.Vec2","x":-272,"y":-350}},{"__type__":"cc.Node","_name":"New Node","_parent":{"__id__":59},"_children":[{"__id__":61},{"__id__":62}],"_active":false,"_components":[{"__type__":"cc.Layout","node":{"__id__":60},"_layoutSize":{"__type__":"cc.Size","width":540,"height":26},"_resize":1,"_N$layoutType":2}],"_prefab":{"__type__":"cc.PrefabInfo","root":{"__id__":4},"fileId":"d8aUQYv8lB1KNUs2jJFQUv"},"_anchorPoint":{"__type__":"cc.Vec2","y":1},"_contentSize":{"__type__":"cc.Size","width":540,"height":26},"_position":{"__type__":"cc.Vec2","x":3}},{"__type__":"cc.Node","_name":"New Label","_parent":{"__id__":60},"_components":[{"__type__":"cc.Label","node":{"__id__":61},"_useOriginalSize":false,"_actualFontSize":26,"_fontSize":26,"_lineHeight":26,"_N$string":"盈亏关系","_N$horizontalAlign":1,"_N$verticalAlign":1}],"_prefab":{"__type__":"cc.PrefabInfo","root":{"__id__":4},"fileId":"e6Icb0GaZBSownpGXAkRkZ"},"_color":{"__type__":"cc.Color","r":154,"g":154,"b":154},"_anchorPoint":{"__type__":"cc.Vec2","y":0.5},"_contentSize":{"__type__":"cc.Size","width":104,"height":26},"_position":{"__type__":"cc.Vec2","y":-13}},{"__type__":"cc.Node","_name":"list","_parent":{"__id__":60},"_children":[{"__id__":63},{"__id__":65},{"__id__":66},{"__id__":67},{"__id__":69},{"__id__":70}],"_active":false,"_contentSize":{"__type__":"cc.Size","height":50},"_position":{"__type__":"cc.Vec2","y":-51}},{"__type__":"cc.Node","_name":"head1","_parent":{"__id__":62},"_children":[{"__id__":64}],"_components":[{"__type__":"cc.Mask","node":{"__id__":63},"_type":1}],"_contentSize":{"__type__":"cc.Size","width":40,"height":40},"_position":{"__type__":"cc.Vec2","x":27}},{"__type__":"cc.Node","_name":"head1","_parent":{"__id__":63},"_components":[{"__type__":"cc.Sprite","node":{"__id__":64},"_sizeMode":0}],"_contentSize":{"__type__":"cc.Size","width":40,"height":40}},{"__type__":"cc.Node","_name":"nickname1","_parent":{"__id__":62},"_components":[{"__type__":"cc.Label","node":{"__id__":65},"_useOriginalSize":false,"_actualFontSize":26,"_fontSize":26,"_lineHeight":26,"_enableWrapText":false,"_N$string":"小小人","_N$verticalAlign":1,"_N$overflow":1}],"_color":{"__type__":"cc.Color","r":102,"g":102,"b":102},"_contentSize":{"__type__":"cc.Size","width":140,"height":26},"_position":{"__type__":"cc.Vec2","x":120}},{"__type__":"cc.Node","_name":"icoJiantou","_parent":{"__id__":62},"_components":[{"__type__":"cc.Sprite","node":{"__id__":66},"_spriteFrame":{"__uuid__":"392pzFi3BNwKR8n379XcOY"}}],"_contentSize":{"__type__":"cc.Size","width":31,"height":19},"_position":{"__type__":"cc.Vec2","x":220}},{"__type__":"cc.Node","_name":"head2","_parent":{"__id__":62},"_children":[{"__id__":68}],"_components":[{"__type__":"cc.Mask","node":{"__id__":67},"_type":1}],"_contentSize":{"__type__":"cc.Size","width":40,"height":40},"_position":{"__type__":"cc.Vec2","x":279}},{"__type__":"cc.Node","_name":"head2","_parent":{"__id__":67},"_components":[{"__type__":"cc.Sprite","node":{"__id__":68},"_sizeMode":0}],"_contentSize":{"__type__":"cc.Size","width":40,"height":40}},{"__type__":"cc.Node","_name":"nickname2","_parent":{"__id__":62},"_components":[{"__type__":"cc.Label","node":{"__id__":69},"_useOriginalSize":false,"_actualFontSize":26,"_fontSize":26,"_lineHeight":26,"_enableWrapText":false,"_N$string":"小小人","_N$verticalAlign":1,"_N$overflow":1}],"_color":{"__type__":"cc.Color","r":102,"g":102,"b":102},"_contentSize":{"__type__":"cc.Size","width":140,"height":26},"_position":{"__type__":"cc.Vec2","x":373}},{"__type__":"cc.Node","_name":"num","_parent":{"__id__":62},"_components":[{"__type__":"cc.Label","node":{"__id__":70},"_useOriginalSize":false,"_actualFontSize":26,"_fontSize":26,"_lineHeight":26,"_N$string":"33","_N$horizontalAlign":1,"_N$verticalAlign":1}],"_color":{"__type__":"cc.Color","r":255,"g":173},"_anchorPoint":{"__type__":"cc.Vec2","y":0.5},"_contentSize":{"__type__":"cc.Size","width":29,"height":26},"_position":{"__type__":"cc.Vec2","x":476}},{"__type__":"cc.Node","_name":"New Node","_parent":{"__id__":59},"_children":[{"__id__":72},{"__id__":73}],"_prefab":{"__type__":"cc.PrefabInfo","root":{"__id__":4},"fileId":"70ykIwj9lCSLm3Dv8/5fbf"},"_anchorPoint":{"__type__":"cc.Vec2","y":1},"_contentSize":{"__type__":"cc.Size","width":540,"height":130},"_position":{"__type__":"cc.Vec2","x":3}},{"__type__":"cc.Node","_name":"New Label","_parent":{"__id__":71},"_components":[{"__type__":"cc.Label","node":{"__id__":72},"_useOriginalSize":false,"_actualFontSize":26,"_fontSize":26,"_lineHeight":26,"_N$string":"组局者","_N$horizontalAlign":1,"_N$verticalAlign":1}],"_prefab":{"__type__":"cc.PrefabInfo","root":{"__id__":4},"fileId":"e5zU4e6NFEm5FPerv6u4Q/"},"_color":{"__type__":"cc.Color","r":154,"g":154,"b":154},"_anchorPoint":{"__type__":"cc.Vec2","y":0.5},"_contentSize":{"__type__":"cc.Size","width":78,"height":26},"_position":{"__type__":"cc.Vec2","y":-13}},{"__type__":"cc.Node","_name":"player","_parent":{"__id__":71},"_children":[{"__id__":74},{"__id__":76},{"__id__":77},{"__id__":78},{"__id__":79}],"_prefab":{"__type__":"cc.PrefabInfo","root":{"__id__":4},"fileId":"8bTgVFDIRIhYl+gREK/h4e"},"_anchorPoint":{"__type__":"cc.Vec2","y":0.5},"_contentSize":{"__type__":"cc.Size","width":270,"height":66},"_position":{"__type__":"cc.Vec2","y":-73}},{"__type__":"cc.Node","_name":"head","_parent":{"__id__":73},"_children":[{"__id__":75}],"_components":[{"__type__":"cc.Mask","node":{"__id__":74},"_type":1}],"_prefab":{"__type__":"cc.PrefabInfo","root":{"__id__":4},"fileId":"63ZVv/CG5OZa2B/SI3lcyN"},"_contentSize":{"__type__":"cc.Size","width":66,"height":66},"_position":{"__type__":"cc.Vec2","x":33}},{"__type__":"cc.Node","_name":"head","_parent":{"__id__":74},"_components":[{"__type__":"cc.Sprite","node":{"__id__":75},"_sizeMode":0}],"_prefab":{"__type__":"cc.PrefabInfo","root":{"__id__":4},"fileId":"a2ll2knRBNV6IVh06uQI5h"},"_contentSize":{"__type__":"cc.Size","width":66,"height":66}},{"__type__":"cc.Node","_name":"icoXin","_parent":{"__id__":73},"_components":[{"__type__":"cc.Sprite","node":{"__id__":76},"_spriteFrame":{"__uuid__":"33CPEvNEROOIQtynrgtFnI"}}],"_prefab":{"__type__":"cc.PrefabInfo","root":{"__id__":4},"fileId":"27ZENc9dFHOY+udDqaJYI0"},"_contentSize":{"__type__":"cc.Size","width":23,"height":23},"_position":{"__type__":"cc.Vec2","x":86,"y":-17}},{"__type__":"cc.Node","_name":"nickname","_parent":{"__id__":73},"_components":[{"__type__":"cc.Label","node":{"__id__":77},"_useOriginalSize":false,"_actualFontSize":26,"_fontSize":26,"_lineHeight":26,"_enableWrapText":false,"_N$string":"某某某","_N$verticalAlign":1,"_N$overflow":1}],"_prefab":{"__type__":"cc.PrefabInfo","root":{"__id__":4},"fileId":"75kO3im5ZCjLf0UqKO6DKd"},"_color":{"__type__":"cc.Color","r":102,"g":102,"b":102},"_anchorPoint":{"__type__":"cc.Vec2","y":0.5},"_contentSize":{"__type__":"cc.Size","width":180,"height":26},"_position":{"__type__":"cc.Vec2","x":75,"y":14}},{"__type__":"cc.Node","_name":"icoGJ","_parent":{"__id__":73},"_components":[{"__type__":"cc.Sprite","node":{"__id__":78},"_spriteFrame":{"__uuid__":"795O0hVKhKsqzZjxUyMSoR"}}],"_contentSize":{"__type__":"cc.Size","width":88,"height":36},"_position":{"__type__":"cc.Vec2","x":33,"y":-18.1}},{"__type__":"cc.Node","_name":"score","_parent":{"__id__":73},"_components":[{"__type__":"cc.Label","node":{"__id__":79},"_useOriginalSize":false,"_actualFontSize":24,"_fontSize":24,"_lineHeight":24,"_N$string":"0","_N$horizontalAlign":1,"_N$verticalAlign":1}],"_prefab":{"__type__":"cc.PrefabInfo","root":{"__id__":4},"fileId":"6bD4hgyqpLwascjQqnNP2R"},"_color":{"__type__":"cc.Color","r":154,"g":154,"b":154},"_anchorPoint":{"__type__":"cc.Vec2","y":0.5},"_contentSize":{"__type__":"cc.Size","width":13,"height":24},"_position":{"__type__":"cc.Vec2","x":103,"y":-17}},{"__type__":"cc.Node","_name":"New Node","_parent":{"__id__":59},"_children":[{"__id__":81},{"__id__":82}],"_components":[{"__type__":"cc.Layout","node":{"__id__":80},"_layoutSize":{"__type__":"cc.Size","width":542,"height":40},"_resize":1}],"_prefab":{"__type__":"cc.PrefabInfo","root":{"__id__":4},"fileId":"41IXKmryVLMZwlgbcsbCzz"},"_anchorPoint":{"__type__":"cc.Vec2","y":1},"_contentSize":{"__type__":"cc.Size","width":542,"height":40},"_position":{"__type__":"cc.Vec2","x":3,"y":-130}},{"__type__":"cc.Node","_name":"New Label","_parent":{"__id__":80},"_components":[{"__type__":"cc.Label","node":{"__id__":81},"_useOriginalSize":false,"_actualFontSize":26,"_fontSize":26,"_lineHeight":26,"_N$string":"参与者","_N$horizontalAlign":1,"_N$verticalAlign":1}],"_prefab":{"__type__":"cc.PrefabInfo","root":{"__id__":4},"fileId":"0eLagkN5lNAJq2DE/fYdvi"},"_color":{"__type__":"cc.Color","r":154,"g":154,"b":154},"_anchorPoint":{"__type__":"cc.Vec2","y":0.5},"_contentSize":{"__type__":"cc.Size","width":78,"height":26},"_position":{"__type__":"cc.Vec2","y":-13}},{"__type__":"cc.Node","_name":"New Node","_parent":{"__id__":80},"_components":[{"__type__":"cc.Layout","node":{"__id__":82},"_layoutSize":{"__type__":"cc.Size","width":540},"_resize":1,"_N$layoutType":3,"_N$spacingY":10}],"_prefab":{"__type__":"cc.PrefabInfo","root":{"__id__":4},"fileId":"7fDbICNANKYJewNfwRN7Hj"},"_anchorPoint":{"__type__":"cc.Vec2","y":1},"_contentSize":{"__type__":"cc.Size","width":540},"_position":{"__type__":"cc.Vec2","x":2,"y":-40}},{"__type__":"cc.Node","_name":"bg1","_parent":{"__id__":59},"_children":[{"__id__":84}],"_components":[{"__type__":"cc.Sprite","node":{"__id__":83},"_spriteFrame":{"__uuid__":"5fdZRT5EpEXqhWOIskC13R"}}],"_prefab":{"__type__":"cc.PrefabInfo","root":{"__id__":4},"fileId":"27Rhs2aqVB3qE1x9hyZNAT"},"_contentSize":{"__type__":"cc.Size","width":602,"height":244},"_position":{"__type__":"cc.Vec2","x":272,"y":-292}},{"__type__":"cc.Node","_name":"New Label","_parent":{"__id__":83},"_components":[{"__id__":85}],"_prefab":{"__type__":"cc.PrefabInfo","root":{"__id__":4},"fileId":"17Myi3r9dKbLfVdlB7jPW0"},"_color":{"__type__":"cc.Color","r":255,"g":252,"b":149},"_anchorPoint":{"__type__":"cc.Vec2","y":0.5},"_contentSize":{"__type__":"cc.Size","width":72,"height":36},"_position":{"__type__":"cc.Vec2","x":-82,"y":-43}},{"__type__":"cc.Label","node":{"__id__":84},"_useOriginalSize":false,"_actualFontSize":24,"_fontSize":24,"_lineHeight":36,"_N$string":"公众号","_N$verticalAlign":1},{"__type__":"cc.Node","_name":"share","_parent":{"__id__":2},"_active":false,"_components":[{"__type__":"cc.Sprite","node":{"__id__":86},"_spriteFrame":{"__uuid__":"38of2mOrZAMLouoHiBfBwL"}},{"__type__":"cc.Widget","node":{"__id__":86},"isAlignOnce":null,"_alignFlags":1,"_right":8,"_top":8}],"_anchorPoint":{"__type__":"cc.Vec2","x":1,"y":1},"_contentSize":{"__type__":"cc.Size","width":256,"height":64},"_position":{"__type__":"cc.Vec2","x":312,"y":492}}],{"__type__":"cc.SpriteFrame","content":{"name":"icoGJ","texture":"1fe7ecfea","rect":[246,371,88,36],"offset":[0,0],"originalSize":[88,36]}},{"__type__":"cc.SpriteFrame","content":{"name":"bg2","texture":"1fe7ecfea","rect":[2,960,50,50],"offset":[0,0],"originalSize":[50,50],"capInsets":[17,17,17,18]}}]