{"__type__":"cc.SpriteAtlas","_spriteFrames":{"bgGame4":{"__uuid__":"762pyBH6dNtbT/lDbRf00T"},"bgS":{"__uuid__":"14iZPmkWRC+oMiG2qUh43A"},"bg1":{"__uuid__":"5fdZRT5EpEXqhWOIskC13R"},"share":{"__uuid__":"38of2mOrZAMLouoHiBfBwL"},"bg2":{"__uuid__":"ecDgmV4j9KsoiecY4ZHIkJ"},"bg3":{"__uuid__":"1556aNy3JFWZLP0s06PIx0"},"icoGJ":{"__uuid__":"795O0hVKhKsqzZjxUyMSoR"},"bg4":{"__uuid__":"55gdRdp8hOYJGVZfMk/b4j"},"icoXin":{"__uuid__":"33CPEvNEROOIQtynrgtFnI"},"icoJiantou":{"__uuid__":"392pzFi3BNwKR8n379XcOY"}}}