{"__type__":"cc.SpriteAtlas","_spriteFrames":{"dice1":{"__uuid__":"48eNfGtFZBIqTZ1XFuuAA1"},"dice2":{"__uuid__":"edOfn2/dJJp6nnR674+lHF"},"dice3":{"__uuid__":"d0SF/DeatE44cHWVxD4LN8"},"dice4":{"__uuid__":"14m/3obPpPd7b+HK7y87B3"},"dice5":{"__uuid__":"9bZ43zWeRBwrLgjD0tdNnY"},"dice6":{"__uuid__":"a9jh52J+NOM5zXaX/5f/Fg"},"diceAnim1":{"__uuid__":"cfjvES3QxP5Zov9rpypwp3"},"diceAnim2":{"__uuid__":"a1DuJd2kxNvJuklMRo77pm"},"diceAnim4":{"__uuid__":"d2ZaL/8tlCOLSeQaO14ezy"},"diceAnim3":{"__uuid__":"97efeGg7BMgb970uNpevfG"}}}