[{"__type__":"cc.SpriteFrame","content":{"name":"bgS","texture":"1f6f3a9e5","rect":[2,348,240,360],"offset":[0,0],"originalSize":[240,360]}},{"__type__":"cc.SpriteFrame","content":{"name":"bg3","texture":"1f6f3a9e5","rect":[246,348,50,50],"offset":[0,0],"originalSize":[50,50],"capInsets":[15,13,12,14]}},{"__type__":"cc.SpriteFrame","content":{"name":"icoXin","texture":"1f6f3a9e5","rect":[56,960,23,23],"offset":[0,0],"originalSize":[25,25]}},{"__type__":"cc.SpriteFrame","content":{"name":"share","texture":"1f6f3a9e5","rect":[646,2,256,64],"offset":[0,0],"originalSize":[256,64]}},{"__type__":"cc.SpriteFrame","content":{"name":"icoJiantou","texture":"1f6f3a9e5","rect":[246,402,31,19],"offset":[0,0],"originalSize":[31,19]}},{"__type__":"cc.SpriteFrame","content":{"name":"bg4","texture":"1f6f3a9e5","rect":[906,2,50,50],"offset":[0,0],"originalSize":[50,50],"capInsets":[14,13,15,13]}},{"__type__":"cc.SpriteFrame","content":{"name":"bg1","texture":"1f6f3a9e5","rect":[2,712,602,244],"offset":[0,0],"originalSize":[602,244]}},[{"__type__":"cc.SceneAsset","_name":"Hall","scene":{"__id__":1},"asyncLoadAssets":null},{"__type__":"cc.Scene","_name":"New Node","_children":[{"__id__":2}],"_anchorPoint":{"__type__":"cc.Vec2"},"autoReleaseAssets":false},{"__type__":"cc.Node","_name":"Canvas","_parent":{"__id__":1},"_children":[{"__id__":3},{"__id__":4},{"__id__":88}],"_components":[{"__type__":"cc.Canvas","node":{"__id__":2},"_designResolution":{"__type__":"cc.Size","width":640,"height":1100},"_fitWidth":true,"_fitHeight":false},{"__type__":"8f688TeNBhFeKTXaFB23BpX","node":{"__id__":2},"tip":{"__id__":87},"content":{"__id__":6},"infos":[{"__id__":8},{"__id__":9},{"__id__":61}],"zhuangtai":{"__id__":12},"biaoti":{"__id__":46},"shijian":{"__id__":48},"moshi":{"__id__":50},"difen":{"__id__":52},"panshu":{"__id__":54},"labL":{"__id__":57},"labR":{"__id__":60},"heads":[{"__id__":15},{"__id__":18},{"__id__":21},{"__id__":24},{"__id__":27},{"__id__":30},{"__id__":33},{"__id__":36},{"__id__":39},{"__id__":42}],"heads9ren":[{"__id__":15},{"__id__":18},{"__id__":33},{"__id__":21},{"__id__":36},{"__id__":39},{"__id__":24},{"__id__":30},{"__id__":27}],"icoGJ":{"__id__":80},"zujuzhe":{"__id__":75},"joinPlayerNode":{"__id__":84},"share":{"__id__":88},"listSY":{"__id__":64},"mask":{"__id__":43}}],"_id":"1aowG4aOFNmofjGco5ApMn","_contentSize":{"__type__":"cc.Size","width":640,"height":1100},"_position":{"__type__":"cc.Vec2","x":320,"y":550}},{"__type__":"cc.Node","_name":"bg","_parent":{"__id__":2},"_components":[{"__type__":"cc.Sprite","node":{"__id__":3},"_spriteFrame":{"__uuid__":"a2MjXRFdtLlYQ5ouAFv/+R"},"_sizeMode":0},{"__type__":"cc.Widget","node":{"__id__":3},"_alignFlags":45,"_originalWidth":640,"_originalHeight":1000}],"_color":{"__type__":"cc.Color","r":27,"g":22,"b":27},"_contentSize":{"__type__":"cc.Size","width":640,"height":1100}},{"__type__":"cc.Node","_name":"scrollView","_parent":{"__id__":2},"_children":[{"__id__":5}],"_components":[{"__type__":"cc.ScrollView","node":{"__id__":4},"content":{"__id__":6},"horizontal":false,"brake":0.75,"elastic":false,"bounceDuration":0.23,"_N$horizontalScrollBar":null,"_N$verticalScrollBar":null},{"__type__":"cc.Widget","node":{"__id__":4},"_alignFlags":45,"_originalWidth":640,"_originalHeight":1000}],"_prefab":{"__type__":"cc.PrefabInfo","root":{"__id__":4},"fileId":"1cs43nsQ5D9KpO2TDCurC8"},"_anchorPoint":{"__type__":"cc.Vec2","x":0.5,"y":1},"_contentSize":{"__type__":"cc.Size","width":640,"height":1100},"_position":{"__type__":"cc.Vec2","y":550}},{"__type__":"cc.Node","_name":"view","_parent":{"__id__":4},"_children":[{"__id__":6}],"_components":[{"__type__":"cc.Mask","node":{"__id__":5}},{"__type__":"cc.Widget","node":{"__id__":5},"_alignFlags":45,"_originalWidth":640,"_originalHeight":1000}],"_prefab":{"__type__":"cc.PrefabInfo","root":{"__id__":4},"fileId":"6ceE48XAtNNZcP/maS5tLN"},"_anchorPoint":{"__type__":"cc.Vec2","x":0.5,"y":1},"_contentSize":{"__type__":"cc.Size","width":640,"height":1100}},{"__type__":"cc.Node","_name":"content","_parent":{"__id__":5},"_children":[{"__id__":7},{"__id__":8}],"_components":[{"__type__":"cc.Layout","node":{"__id__":6},"_layoutSize":{"__type__":"cc.Size","width":640,"height":1096},"_resize":1}],"_prefab":{"__type__":"cc.PrefabInfo","root":{"__id__":4},"fileId":"03TpHWn+ZBnru5mx47d9aL"},"_anchorPoint":{"__type__":"cc.Vec2","x":0.5,"y":1},"_contentSize":{"__type__":"cc.Size","width":640,"height":1096}},{"__type__":"cc.Node","_name":"icoGame","_parent":{"__id__":6},"_components":[{"__type__":"cc.Sprite","node":{"__id__":7},"_spriteFrame":{"__uuid__":"762pyBH6dNtbT/lDbRf00T"}}],"_prefab":{"__type__":"cc.PrefabInfo","root":{"__id__":4},"fileId":"bfJCAgWQxA55BiO1X2An3f"},"_anchorPoint":{"__type__":"cc.Vec2","x":0.5,"y":1},"_contentSize":{"__type__":"cc.Size","width":640,"height":342}},{"__type__":"cc.Node","_name":"bg2","_parent":{"__id__":6},"_children":[{"__id__":9},{"__id__":61}],"_components":[{"__type__":"cc.Sprite","node":{"__id__":8},"_spriteFrame":{"__uuid__":"ecDgmV4j9KsoiecY4ZHIkJ"},"_type":1,"_sizeMode":0},{"__type__":"cc.Layout","node":{"__id__":8},"_layoutSize":{"__type__":"cc.Size","width":580,"height":766},"_resize":1,"_N$layoutType":2}],"_prefab":{"__type__":"cc.PrefabInfo","root":{"__id__":4},"fileId":"61g8TGQ4xALZ5KY0bAx4zM"},"_anchorPoint":{"__type__":"cc.Vec2","x":0.5,"y":1},"_contentSize":{"__type__":"cc.Size","width":580,"height":766},"_position":{"__type__":"cc.Vec2","y":-330}},{"__type__":"cc.Node","_name":"info1","_parent":{"__id__":8},"_children":[{"__id__":10},{"__id__":43},{"__id__":44},{"__id__":55},{"__id__":58}],"_anchorPoint":{"__type__":"cc.Vec2","x":0.5,"y":1},"_contentSize":{"__type__":"cc.Size","width":580,"height":350}},{"__type__":"cc.Node","_name":"bgS","_parent":{"__id__":9},"_children":[{"__id__":11},{"__id__":13},{"__id__":16},{"__id__":19},{"__id__":22},{"__id__":25},{"__id__":28},{"__id__":31},{"__id__":34},{"__id__":37},{"__id__":40}],"_components":[{"__type__":"cc.Sprite","node":{"__id__":10},"_spriteFrame":{"__uuid__":"14iZPmkWRC+oMiG2qUh43A"},"_sizeMode":0}],"_contentSize":{"__type__":"cc.Size","width":220,"height":330},"_position":{"__type__":"cc.Vec2","x":-163,"y":-180}},{"__type__":"cc.Node","_name":"New Label","_parent":{"__id__":10},"_components":[{"__id__":12}],"_color":{"__type__":"cc.Color","r":253,"g":253,"b":253},"_contentSize":{"__type__":"cc.Size","height":70},"_scaleX":0.5,"_scaleY":0.5},{"__type__":"cc.Label","node":{"__id__":11},"_useOriginalSize":false,"_actualFontSize":60,"_fontSize":60,"_lineHeight":70,"_N$string":"","_N$horizontalAlign":1,"_N$verticalAlign":1},{"__type__":"cc.Node","_name":"0","_parent":{"__id__":10},"_children":[{"__id__":14}],"_components":[{"__type__":"cc.Mask","node":{"__id__":13},"_type":1}],"_contentSize":{"__type__":"cc.Size","width":60,"height":60},"_position":{"__type__":"cc.Vec2","y":-120}},{"__type__":"cc.Node","_name":"head","_parent":{"__id__":13},"_active":false,"_components":[{"__id__":15}],"_contentSize":{"__type__":"cc.Size","width":60,"height":60}},{"__type__":"cc.Sprite","node":{"__id__":14},"_sizeMode":0},{"__type__":"cc.Node","_name":"1","_parent":{"__id__":10},"_children":[{"__id__":17}],"_components":[{"__type__":"cc.Mask","node":{"__id__":16},"_type":1}],"_contentSize":{"__type__":"cc.Size","width":60,"height":60},"_position":{"__type__":"cc.Vec2","x":72,"y":-105}},{"__type__":"cc.Node","_name":"head","_parent":{"__id__":16},"_active":false,"_components":[{"__id__":18}],"_contentSize":{"__type__":"cc.Size","width":60,"height":60}},{"__type__":"cc.Sprite","node":{"__id__":17},"_sizeMode":0},{"__type__":"cc.Node","_name":"2","_parent":{"__id__":10},"_children":[{"__id__":20}],"_components":[{"__type__":"cc.Mask","node":{"__id__":19},"_type":1}],"_contentSize":{"__type__":"cc.Size","width":60,"height":60},"_position":{"__type__":"cc.Vec2","x":72,"y":-35}},{"__type__":"cc.Node","_name":"head","_parent":{"__id__":19},"_active":false,"_components":[{"__id__":21}],"_contentSize":{"__type__":"cc.Size","width":60,"height":60}},{"__type__":"cc.Sprite","node":{"__id__":20},"_sizeMode":0},{"__type__":"cc.Node","_name":"3","_parent":{"__id__":10},"_children":[{"__id__":23}],"_components":[{"__type__":"cc.Mask","node":{"__id__":22},"_type":1}],"_contentSize":{"__type__":"cc.Size","width":60,"height":60},"_position":{"__type__":"cc.Vec2","x":72,"y":35}},{"__type__":"cc.Node","_name":"head","_parent":{"__id__":22},"_active":false,"_components":[{"__id__":24}],"_contentSize":{"__type__":"cc.Size","width":60,"height":60}},{"__type__":"cc.Sprite","node":{"__id__":23},"_sizeMode":0},{"__type__":"cc.Node","_name":"4","_parent":{"__id__":10},"_children":[{"__id__":26}],"_components":[{"__type__":"cc.Mask","node":{"__id__":25},"_type":1}],"_contentSize":{"__type__":"cc.Size","width":60,"height":60},"_position":{"__type__":"cc.Vec2","x":72,"y":105}},{"__type__":"cc.Node","_name":"head","_parent":{"__id__":25},"_active":false,"_components":[{"__id__":27}],"_contentSize":{"__type__":"cc.Size","width":60,"height":60}},{"__type__":"cc.Sprite","node":{"__id__":26},"_sizeMode":0},{"__type__":"cc.Node","_name":"5","_parent":{"__id__":10},"_children":[{"__id__":29}],"_components":[{"__type__":"cc.Mask","node":{"__id__":28},"_type":1}],"_contentSize":{"__type__":"cc.Size","width":60,"height":60},"_position":{"__type__":"cc.Vec2","y":120}},{"__type__":"cc.Node","_name":"head","_parent":{"__id__":28},"_active":false,"_components":[{"__id__":30}],"_contentSize":{"__type__":"cc.Size","width":60,"height":60}},{"__type__":"cc.Sprite","node":{"__id__":29},"_sizeMode":0},{"__type__":"cc.Node","_name":"6","_parent":{"__id__":10},"_children":[{"__id__":32}],"_components":[{"__type__":"cc.Mask","node":{"__id__":31},"_type":1}],"_contentSize":{"__type__":"cc.Size","width":60,"height":60},"_position":{"__type__":"cc.Vec2","x":-72,"y":105}},{"__type__":"cc.Node","_name":"head","_parent":{"__id__":31},"_active":false,"_components":[{"__id__":33}],"_contentSize":{"__type__":"cc.Size","width":60,"height":60}},{"__type__":"cc.Sprite","node":{"__id__":32},"_sizeMode":0},{"__type__":"cc.Node","_name":"7","_parent":{"__id__":10},"_children":[{"__id__":35}],"_components":[{"__type__":"cc.Mask","node":{"__id__":34},"_type":1}],"_contentSize":{"__type__":"cc.Size","width":60,"height":60},"_position":{"__type__":"cc.Vec2","x":-72,"y":35}},{"__type__":"cc.Node","_name":"head","_parent":{"__id__":34},"_active":false,"_components":[{"__id__":36}],"_contentSize":{"__type__":"cc.Size","width":60,"height":60}},{"__type__":"cc.Sprite","node":{"__id__":35},"_sizeMode":0},{"__type__":"cc.Node","_name":"8","_parent":{"__id__":10},"_children":[{"__id__":38}],"_components":[{"__type__":"cc.Mask","node":{"__id__":37},"_type":1}],"_contentSize":{"__type__":"cc.Size","width":60,"height":60},"_position":{"__type__":"cc.Vec2","x":-72,"y":-35}},{"__type__":"cc.Node","_name":"head","_parent":{"__id__":37},"_active":false,"_components":[{"__id__":39}],"_contentSize":{"__type__":"cc.Size","width":60,"height":60}},{"__type__":"cc.Sprite","node":{"__id__":38},"_sizeMode":0},{"__type__":"cc.Node","_name":"9","_parent":{"__id__":10},"_children":[{"__id__":41}],"_components":[{"__type__":"cc.Mask","node":{"__id__":40},"_type":1}],"_contentSize":{"__type__":"cc.Size","width":60,"height":60},"_position":{"__type__":"cc.Vec2","x":-72,"y":-105}},{"__type__":"cc.Node","_name":"head","_parent":{"__id__":40},"_active":false,"_components":[{"__id__":42}],"_contentSize":{"__type__":"cc.Size","width":60,"height":60}},{"__type__":"cc.Sprite","node":{"__id__":41},"_sizeMode":0},{"__type__":"cc.Node","_name":"mask","_parent":{"__id__":9},"_active":false,"_components":[{"__type__":"cc.Sprite","node":{"__id__":43},"_spriteFrame":{"__uuid__":"a2MjXRFdtLlYQ5ouAFv/+R"},"_sizeMode":0}],"_opacity":100,"_color":{"__type__":"cc.Color"},"_contentSize":{"__type__":"cc.Size","width":220,"height":330},"_position":{"__type__":"cc.Vec2","x":-163,"y":-180}},{"__type__":"cc.Node","_name":"info1","_parent":{"__id__":9},"_children":[{"__id__":45},{"__id__":47},{"__id__":49},{"__id__":51},{"__id__":53}],"_components":[{"__type__":"cc.Layout","node":{"__id__":44},"_layoutSize":{"__type__":"cc.Size","width":310,"height":263},"_resize":1,"_N$layoutType":2,"_N$paddingTop":-20,"_N$paddingBottom":3,"_N$spacingY":-35}],"_anchorPoint":{"__type__":"cc.Vec2","y":1},"_contentSize":{"__type__":"cc.Size","width":310,"height":263},"_position":{"__type__":"cc.Vec2","x":-40,"y":-9}},{"__type__":"cc.Node","_name":"New Label","_parent":{"__id__":44},"_components":[{"__id__":46}],"_color":{"__type__":"cc.Color","r":72,"g":72,"b":72},"_anchorPoint":{"__type__":"cc.Vec2","y":0.5},"_contentSize":{"__type__":"cc.Size","width":660,"height":100},"_scaleX":0.5,"_scaleY":0.5,"_position":{"__type__":"cc.Vec2","y":-30}},{"__type__":"cc.Label","node":{"__id__":45},"_useOriginalSize":false,"_actualFontSize":64,"_fontSize":64,"_lineHeight":80,"_enableWrapText":false,"_N$string":"某某某的二八杠局","_N$verticalAlign":1,"_N$overflow":2},{"__type__":"cc.Node","_name":"New Label","_parent":{"__id__":44},"_components":[{"__id__":48}],"_color":{"__type__":"cc.Color","r":120,"g":120,"b":120},"_anchorPoint":{"__type__":"cc.Vec2","y":0.5},"_contentSize":{"__type__":"cc.Size","width":563,"height":80},"_scaleX":0.5,"_scaleY":0.5,"_position":{"__type__":"cc.Vec2","y":-85}},{"__type__":"cc.Label","node":{"__id__":47},"_useOriginalSize":false,"_actualFontSize":52,"_fontSize":52,"_lineHeight":80,"_N$string":"创建时间:  ？？？？？？","_N$horizontalAlign":1,"_N$verticalAlign":1},{"__type__":"cc.Node","_name":"New Label","_parent":{"__id__":44},"_components":[{"__id__":50}],"_color":{"__type__":"cc.Color","r":120,"g":120,"b":120},"_anchorPoint":{"__type__":"cc.Vec2","y":0.5},"_contentSize":{"__type__":"cc.Size","width":445,"height":80},"_scaleX":0.5,"_scaleY":0.5,"_position":{"__type__":"cc.Vec2","y":-130}},{"__type__":"cc.Label","node":{"__id__":49},"_useOriginalSize":false,"_actualFontSize":52,"_fontSize":52,"_lineHeight":80,"_N$string":"游戏模式: ？？？？","_N$horizontalAlign":1,"_N$verticalAlign":1},{"__type__":"cc.Node","_name":"New Label","_parent":{"__id__":44},"_components":[{"__id__":52}],"_color":{"__type__":"cc.Color","r":120,"g":120,"b":120},"_anchorPoint":{"__type__":"cc.Vec2","y":0.5},"_contentSize":{"__type__":"cc.Size","width":185,"height":80},"_scaleX":0.5,"_scaleY":0.5,"_position":{"__type__":"cc.Vec2","y":-175}},{"__type__":"cc.Label","node":{"__id__":51},"_useOriginalSize":false,"_actualFontSize":52,"_fontSize":52,"_lineHeight":80,"_N$string":"底分: ？","_N$horizontalAlign":1,"_N$verticalAlign":1},{"__type__":"cc.Node","_name":"New Label","_parent":{"__id__":44},"_components":[{"__id__":54}],"_color":{"__type__":"cc.Color","r":120,"g":120,"b":120},"_anchorPoint":{"__type__":"cc.Vec2","y":0.5},"_contentSize":{"__type__":"cc.Size","width":237,"height":80},"_scaleX":0.5,"_scaleY":0.5,"_position":{"__type__":"cc.Vec2","y":-220}},{"__type__":"cc.Label","node":{"__id__":53},"_useOriginalSize":false,"_actualFontSize":52,"_fontSize":52,"_lineHeight":80,"_N$string":"盘数: ？？","_N$horizontalAlign":1,"_N$verticalAlign":1},{"__type__":"cc.Node","_name":"btn1","_parent":{"__id__":9},"_children":[{"__id__":56}],"_components":[{"__type__":"cc.Sprite","node":{"__id__":55},"_spriteFrame":{"__uuid__":"1556aNy3JFWZLP0s06PIx0"},"_type":1,"_sizeMode":0},{"__type__":"cc.Button","node":{"__id__":55},"_N$target":{"__id__":55}}],"_color":{"__type__":"cc.Color","r":44,"g":126,"b":236},"_contentSize":{"__type__":"cc.Size","width":146,"height":60},"_position":{"__type__":"cc.Vec2","x":32,"y":-298}},{"__type__":"cc.Node","_name":"New Label","_parent":{"__id__":55},"_components":[{"__id__":57}],"_contentSize":{"__type__":"cc.Size","width":208,"height":60},"_scaleX":0.5,"_scaleY":0.5},{"__type__":"cc.Label","node":{"__id__":56},"_useOriginalSize":false,"_actualFontSize":52,"_fontSize":52,"_lineHeight":60,"_N$string":"立即进入","_N$horizontalAlign":1,"_N$verticalAlign":1},{"__type__":"cc.Node","_name":"btn2","_parent":{"__id__":9},"_children":[{"__id__":59}],"_components":[{"__type__":"cc.Sprite","node":{"__id__":58},"_spriteFrame":{"__uuid__":"55gdRdp8hOYJGVZfMk/b4j"},"_type":1,"_sizeMode":0},{"__type__":"cc.Button","node":{"__id__":58},"_N$target":{"__id__":58}}],"_color":{"__type__":"cc.Color","r":44,"g":126,"b":236},"_contentSize":{"__type__":"cc.Size","width":146,"height":60},"_position":{"__type__":"cc.Vec2","x":200,"y":-298}},{"__type__":"cc.Node","_name":"New Label","_parent":{"__id__":58},"_components":[{"__id__":60}],"_color":{"__type__":"cc.Color","r":44,"g":126,"b":236},"_contentSize":{"__type__":"cc.Size","width":208,"height":60},"_scaleX":0.5,"_scaleY":0.5},{"__type__":"cc.Label","node":{"__id__":59},"_useOriginalSize":false,"_actualFontSize":52,"_fontSize":52,"_lineHeight":60,"_N$string":"邀请朋友","_N$horizontalAlign":1,"_N$verticalAlign":1},{"__type__":"cc.Node","_name":"info2","_parent":{"__id__":8},"_children":[{"__id__":62},{"__id__":73},{"__id__":82},{"__id__":85}],"_components":[{"__type__":"cc.Layout","node":{"__id__":61},"_layoutSize":{"__type__":"cc.Size","width":310,"height":416},"_resize":1,"_N$layoutType":2}],"_prefab":{"__type__":"cc.PrefabInfo","root":{"__id__":4},"fileId":"ebK9k91wRBcLhZwpUQZNK/"},"_anchorPoint":{"__type__":"cc.Vec2","y":1},"_contentSize":{"__type__":"cc.Size","width":310,"height":416},"_position":{"__type__":"cc.Vec2","x":-272,"y":-350}},{"__type__":"cc.Node","_name":"New Node","_parent":{"__id__":61},"_children":[{"__id__":63},{"__id__":64}],"_active":false,"_components":[{"__type__":"cc.Layout","node":{"__id__":62},"_layoutSize":{"__type__":"cc.Size","width":540,"height":60},"_resize":1,"_N$layoutType":2}],"_prefab":{"__type__":"cc.PrefabInfo","root":{"__id__":4},"fileId":"d8aUQYv8lB1KNUs2jJFQUv"},"_anchorPoint":{"__type__":"cc.Vec2","y":1},"_contentSize":{"__type__":"cc.Size","width":540,"height":60},"_position":{"__type__":"cc.Vec2","x":3}},{"__type__":"cc.Node","_name":"New Label","_parent":{"__id__":62},"_components":[{"__type__":"cc.Label","node":{"__id__":63},"_useOriginalSize":false,"_actualFontSize":52,"_fontSize":52,"_lineHeight":60,"_N$string":"盈亏关系","_N$horizontalAlign":1,"_N$verticalAlign":1}],"_prefab":{"__type__":"cc.PrefabInfo","root":{"__id__":4},"fileId":"e6Icb0GaZBSownpGXAkRkZ"},"_color":{"__type__":"cc.Color","r":154,"g":154,"b":154},"_anchorPoint":{"__type__":"cc.Vec2","y":0.5},"_contentSize":{"__type__":"cc.Size","width":208,"height":60},"_scaleX":0.5,"_scaleY":0.5,"_position":{"__type__":"cc.Vec2","y":-30}},{"__type__":"cc.Node","_name":"list","_parent":{"__id__":62},"_children":[{"__id__":65},{"__id__":67},{"__id__":68},{"__id__":69},{"__id__":71},{"__id__":72}],"_active":false,"_contentSize":{"__type__":"cc.Size","height":50},"_position":{"__type__":"cc.Vec2","y":-85}},{"__type__":"cc.Node","_name":"head1","_parent":{"__id__":64},"_children":[{"__id__":66}],"_components":[{"__type__":"cc.Mask","node":{"__id__":65},"_type":1}],"_contentSize":{"__type__":"cc.Size","width":40,"height":40},"_position":{"__type__":"cc.Vec2","x":27}},{"__type__":"cc.Node","_name":"head1","_parent":{"__id__":65},"_components":[{"__type__":"cc.Sprite","node":{"__id__":66},"_sizeMode":0}],"_contentSize":{"__type__":"cc.Size","width":40,"height":40}},{"__type__":"cc.Node","_name":"nickname1","_parent":{"__id__":64},"_components":[{"__type__":"cc.Label","node":{"__id__":67},"_useOriginalSize":false,"_actualFontSize":52,"_fontSize":52,"_lineHeight":60,"_enableWrapText":false,"_N$string":"小小人","_N$verticalAlign":1,"_N$overflow":1}],"_color":{"__type__":"cc.Color","r":102,"g":102,"b":102},"_contentSize":{"__type__":"cc.Size","width":280,"height":60},"_scaleX":0.5,"_scaleY":0.5,"_position":{"__type__":"cc.Vec2","x":120}},{"__type__":"cc.Node","_name":"icoJiantou","_parent":{"__id__":64},"_components":[{"__type__":"cc.Sprite","node":{"__id__":68},"_spriteFrame":{"__uuid__":"392pzFi3BNwKR8n379XcOY"}}],"_contentSize":{"__type__":"cc.Size","width":31,"height":19},"_position":{"__type__":"cc.Vec2","x":220}},{"__type__":"cc.Node","_name":"head2","_parent":{"__id__":64},"_children":[{"__id__":70}],"_components":[{"__type__":"cc.Mask","node":{"__id__":69},"_type":1}],"_contentSize":{"__type__":"cc.Size","width":40,"height":40},"_position":{"__type__":"cc.Vec2","x":279}},{"__type__":"cc.Node","_name":"head2","_parent":{"__id__":69},"_components":[{"__type__":"cc.Sprite","node":{"__id__":70},"_sizeMode":0}],"_contentSize":{"__type__":"cc.Size","width":40,"height":40}},{"__type__":"cc.Node","_name":"nickname2","_parent":{"__id__":64},"_components":[{"__type__":"cc.Label","node":{"__id__":71},"_useOriginalSize":false,"_actualFontSize":52,"_fontSize":52,"_lineHeight":60,"_enableWrapText":false,"_N$string":"小小人","_N$verticalAlign":1,"_N$overflow":1}],"_color":{"__type__":"cc.Color","r":102,"g":102,"b":102},"_contentSize":{"__type__":"cc.Size","width":280,"height":60},"_scaleX":0.5,"_scaleY":0.5,"_position":{"__type__":"cc.Vec2","x":373}},{"__type__":"cc.Node","_name":"num","_parent":{"__id__":64},"_components":[{"__type__":"cc.Label","node":{"__id__":72},"_useOriginalSize":false,"_actualFontSize":52,"_fontSize":52,"_lineHeight":60,"_N$string":"33","_N$horizontalAlign":1,"_N$verticalAlign":1}],"_color":{"__type__":"cc.Color","r":255,"g":173},"_anchorPoint":{"__type__":"cc.Vec2","y":0.5},"_contentSize":{"__type__":"cc.Size","width":58,"height":60},"_scaleX":0.5,"_scaleY":0.5,"_position":{"__type__":"cc.Vec2","x":476}},{"__type__":"cc.Node","_name":"New Node","_parent":{"__id__":61},"_children":[{"__id__":74},{"__id__":75}],"_prefab":{"__type__":"cc.PrefabInfo","root":{"__id__":4},"fileId":"70ykIwj9lCSLm3Dv8/5fbf"},"_anchorPoint":{"__type__":"cc.Vec2","y":1},"_contentSize":{"__type__":"cc.Size","width":540,"height":130},"_position":{"__type__":"cc.Vec2","x":3}},{"__type__":"cc.Node","_name":"New Label","_parent":{"__id__":73},"_components":[{"__type__":"cc.Label","node":{"__id__":74},"_useOriginalSize":false,"_actualFontSize":52,"_fontSize":52,"_lineHeight":60,"_N$string":"组局者","_N$horizontalAlign":1,"_N$verticalAlign":1}],"_prefab":{"__type__":"cc.PrefabInfo","root":{"__id__":4},"fileId":"e5zU4e6NFEm5FPerv6u4Q/"},"_color":{"__type__":"cc.Color","r":154,"g":154,"b":154},"_anchorPoint":{"__type__":"cc.Vec2","y":0.5},"_contentSize":{"__type__":"cc.Size","width":156,"height":60},"_scaleX":0.5,"_scaleY":0.5,"_position":{"__type__":"cc.Vec2","y":-13}},{"__type__":"cc.Node","_name":"player","_parent":{"__id__":73},"_children":[{"__id__":76},{"__id__":78},{"__id__":79},{"__id__":80},{"__id__":81}],"_prefab":{"__type__":"cc.PrefabInfo","root":{"__id__":4},"fileId":"8bTgVFDIRIhYl+gREK/h4e"},"_anchorPoint":{"__type__":"cc.Vec2","y":0.5},"_contentSize":{"__type__":"cc.Size","width":270,"height":66},"_position":{"__type__":"cc.Vec2","y":-73}},{"__type__":"cc.Node","_name":"head","_parent":{"__id__":75},"_children":[{"__id__":77}],"_components":[{"__type__":"cc.Mask","node":{"__id__":76},"_type":1}],"_prefab":{"__type__":"cc.PrefabInfo","root":{"__id__":4},"fileId":"63ZVv/CG5OZa2B/SI3lcyN"},"_contentSize":{"__type__":"cc.Size","width":66,"height":66},"_position":{"__type__":"cc.Vec2","x":33}},{"__type__":"cc.Node","_name":"head","_parent":{"__id__":76},"_components":[{"__type__":"cc.Sprite","node":{"__id__":77},"_sizeMode":0}],"_prefab":{"__type__":"cc.PrefabInfo","root":{"__id__":4},"fileId":"a2ll2knRBNV6IVh06uQI5h"},"_contentSize":{"__type__":"cc.Size","width":66,"height":66}},{"__type__":"cc.Node","_name":"icoXin","_parent":{"__id__":75},"_components":[{"__type__":"cc.Sprite","node":{"__id__":78},"_spriteFrame":{"__uuid__":"33CPEvNEROOIQtynrgtFnI"}}],"_prefab":{"__type__":"cc.PrefabInfo","root":{"__id__":4},"fileId":"27ZENc9dFHOY+udDqaJYI0"},"_contentSize":{"__type__":"cc.Size","width":23,"height":23},"_position":{"__type__":"cc.Vec2","x":86,"y":-17}},{"__type__":"cc.Node","_name":"nickname","_parent":{"__id__":75},"_components":[{"__type__":"cc.Label","node":{"__id__":79},"_useOriginalSize":false,"_actualFontSize":52,"_fontSize":52,"_lineHeight":60,"_enableWrapText":false,"_N$string":"某某某","_N$verticalAlign":1,"_N$overflow":2}],"_prefab":{"__type__":"cc.PrefabInfo","root":{"__id__":4},"fileId":"75kO3im5ZCjLf0UqKO6DKd"},"_color":{"__type__":"cc.Color","r":102,"g":102,"b":102},"_anchorPoint":{"__type__":"cc.Vec2","y":0.5},"_contentSize":{"__type__":"cc.Size","width":380,"height":60},"_scaleX":0.5,"_scaleY":0.5,"_position":{"__type__":"cc.Vec2","x":75,"y":14}},{"__type__":"cc.Node","_name":"icoGJ","_parent":{"__id__":75},"_components":[{"__type__":"cc.Sprite","node":{"__id__":80},"_spriteFrame":{"__uuid__":"795O0hVKhKsqzZjxUyMSoR"}}],"_contentSize":{"__type__":"cc.Size","width":88,"height":36},"_position":{"__type__":"cc.Vec2","x":33,"y":-18.1}},{"__type__":"cc.Node","_name":"score","_parent":{"__id__":75},"_components":[{"__type__":"cc.Label","node":{"__id__":81},"_useOriginalSize":false,"_actualFontSize":48,"_fontSize":48,"_lineHeight":60,"_N$string":"0","_N$horizontalAlign":1,"_N$verticalAlign":1}],"_prefab":{"__type__":"cc.PrefabInfo","root":{"__id__":4},"fileId":"6bD4hgyqpLwascjQqnNP2R"},"_color":{"__type__":"cc.Color","r":154,"g":154,"b":154},"_anchorPoint":{"__type__":"cc.Vec2","y":0.5},"_contentSize":{"__type__":"cc.Size","width":27,"height":60},"_scaleX":0.5,"_scaleY":0.5,"_position":{"__type__":"cc.Vec2","x":103,"y":-17}},{"__type__":"cc.Node","_name":"New Node","_parent":{"__id__":61},"_children":[{"__id__":83},{"__id__":84}],"_components":[{"__type__":"cc.Layout","node":{"__id__":82},"_layoutSize":{"__type__":"cc.Size","width":542,"height":42},"_resize":1}],"_prefab":{"__type__":"cc.PrefabInfo","root":{"__id__":4},"fileId":"41IXKmryVLMZwlgbcsbCzz"},"_anchorPoint":{"__type__":"cc.Vec2","y":0.95},"_contentSize":{"__type__":"cc.Size","width":542,"height":42},"_position":{"__type__":"cc.Vec2","x":3,"y":-132.1}},{"__type__":"cc.Node","_name":"New Label","_parent":{"__id__":82},"_components":[{"__type__":"cc.Label","node":{"__id__":83},"_useOriginalSize":false,"_actualFontSize":52,"_fontSize":52,"_lineHeight":60,"_N$string":"参与者","_N$horizontalAlign":1,"_N$verticalAlign":1}],"_prefab":{"__type__":"cc.PrefabInfo","root":{"__id__":4},"fileId":"0eLagkN5lNAJq2DE/fYdvi"},"_color":{"__type__":"cc.Color","r":154,"g":154,"b":154},"_anchorPoint":{"__type__":"cc.Vec2","y":0.5},"_contentSize":{"__type__":"cc.Size","width":156,"height":60},"_scaleX":0.5,"_scaleY":0.5,"_position":{"__type__":"cc.Vec2","y":-13}},{"__type__":"cc.Node","_name":"New Node","_parent":{"__id__":82},"_components":[{"__type__":"cc.Layout","node":{"__id__":84},"_layoutSize":{"__type__":"cc.Size","width":540},"_resize":1,"_N$layoutType":3,"_N$spacingY":10}],"_prefab":{"__type__":"cc.PrefabInfo","root":{"__id__":4},"fileId":"7fDbICNANKYJewNfwRN7Hj"},"_anchorPoint":{"__type__":"cc.Vec2","y":1},"_contentSize":{"__type__":"cc.Size","width":540},"_position":{"__type__":"cc.Vec2","x":2,"y":-40}},{"__type__":"cc.Node","_name":"bg1","_parent":{"__id__":61},"_children":[{"__id__":86}],"_components":[{"__type__":"cc.Sprite","node":{"__id__":85},"_spriteFrame":{"__uuid__":"5fdZRT5EpEXqhWOIskC13R"}}],"_prefab":{"__type__":"cc.PrefabInfo","root":{"__id__":4},"fileId":"27Rhs2aqVB3qE1x9hyZNAT"},"_contentSize":{"__type__":"cc.Size","width":602,"height":244},"_position":{"__type__":"cc.Vec2","x":272,"y":-294}},{"__type__":"cc.Node","_name":"New Label","_parent":{"__id__":85},"_components":[{"__id__":87}],"_prefab":{"__type__":"cc.PrefabInfo","root":{"__id__":4},"fileId":"17Myi3r9dKbLfVdlB7jPW0"},"_color":{"__type__":"cc.Color","r":255,"g":252,"b":149},"_anchorPoint":{"__type__":"cc.Vec2","y":0.5},"_contentSize":{"__type__":"cc.Size","width":144,"height":60},"_scaleX":0.5,"_scaleY":0.5,"_position":{"__type__":"cc.Vec2","x":-82,"y":-43}},{"__type__":"cc.Label","node":{"__id__":86},"_useOriginalSize":false,"_actualFontSize":48,"_fontSize":48,"_lineHeight":60,"_N$string":"公众号","_N$verticalAlign":1},{"__type__":"cc.Node","_name":"share","_parent":{"__id__":2},"_active":false,"_components":[{"__type__":"cc.Sprite","node":{"__id__":88},"_spriteFrame":{"__uuid__":"38of2mOrZAMLouoHiBfBwL"}},{"__type__":"cc.Widget","node":{"__id__":88},"isAlignOnce":null,"_alignFlags":1,"_right":8,"_top":8}],"_anchorPoint":{"__type__":"cc.Vec2","x":1,"y":1},"_contentSize":{"__type__":"cc.Size","width":256,"height":64},"_position":{"__type__":"cc.Vec2","x":312,"y":542}}],{"__type__":"cc.SpriteFrame","content":{"name":"bgGame4","texture":"1f6f3a9e5","rect":[2,2,640,342],"offset":[0,0],"originalSize":[640,342]}},{"__type__":"cc.SpriteFrame","content":{"name":"icoGJ","texture":"1f6f3a9e5","rect":[608,348,88,36],"offset":[0,0],"originalSize":[88,36]}},{"__type__":"cc.SpriteFrame","content":{"name":"bg2","texture":"1f6f3a9e5","rect":[2,960,50,50],"offset":[0,0],"originalSize":[50,50],"capInsets":[17,17,17,18]}}]