{
    "CC_DEV": false,
    "resPort": "8005",
    "port": 80,
    "url": "cw.arqlinrui.com",
    "des": {
        "xc": 1,
        "hz": 2,
        "ssyl": 3,
        "chaowen": 4,
        "kcyl": 5,
        "dmt": 6
    },
    "source": 6,
    "1": {
        "corporateName": "星驰娱乐",
        "port": 6001,
        "appid": "wx2e0529134dea97e5",
        "openTalkSound": true,
        "labWord": [
            "大家好，这里都是我朋友，一起玩吧。",
            "我来了，让你们久等来。",
            "快点啊，我等到花儿也谢了！",
            "我出去一下，马上就回来，你们等我啊！",
            "和你合作真是太愉快了！",
            "不怕神一样的对手，就怕猪一样的队友。",
            "今天手气太差了，谁给我发个红包！",
            "你们别闹了，专心打牌！",
            "谁都不许走，决战到最后！",
            "家里煤气忘记关了，我先走了。",
            "那我们都撤吧，出去再聊。"
        ]
    },
    "2": {
        "corporateName": "皇者互娱",
        "port": 6001,
        "appid": "wxf1fa1c4cfa7d25f9",
        "openTalkSound": true,
        "labWord": [
            "动作快点嘛，你是老太婆？",
            "郎个又断线了嘛，撒子网络哟。",
            "走撒子嘛走，打通宵撒。",
            "嘿，你硬是打得好也！",
            "美女？帅哥？谢谢！",
            "和你打牌还好耍也啊。",
            "各位，不好意思哈，我要离开一下。",
            "吵撒子嘛吵，脑壳都闹麻老。",
            "快点嘛，你要撒子你说撒，我打给你嘛！",
            "你神起做撒子也，出牌撒！",
            "我当年横扫澳门五条街",
            "算你牛逼",
            "别跟我抢庄",
            "输的裤衩都没了",
            "我给你们送温暖了",
            "玩游戏,请先进群",
            "群内游戏,切勿转发",
            "别磨蹭,快点打牌",
            "我出去叫人",
            "你的牌好靓哇",
            "谢谢老板"
        ]
    },
    "3": {
        "corporateName": "上神互乐",
        "port": 4001,
        "appid": "wx1870a9bba2bce511",
        "openTalkSound": false,
        "labWord": [
            "大家好，这里都是我朋友，一起玩吧。",
            "我来了，让你们久等来。",
            "快点啊，我等到花儿也谢了！",
            "我出去一下，马上就回来，你们等我啊！",
            "和你合作真是太愉快了！",
            "不怕神一样的对手，就怕猪一样的队友。",
            "今天手气太差了，谁给我发个红包！",
            "你们别闹了，专心打牌！",
            "谁都不许走，决战到最后！",
            "家里煤气忘记关了，我先走了。",
            "那我们都撤吧，出去再聊。"
        ]
    },
    "4": {
        "corporateName": "超稳互众",
        "port": 3001,
        "appid": "wx59d8f3b18d7b8fda",
        "openTalkSound": false,
        "labWord": [
            "大家好，这里都是我朋友，一起玩吧。",
            "我来了，让你们久等来。",
            "快点啊，我等到花儿也谢了！",
            "我出去一下，马上就回来，你们等我啊！",
            "和你合作真是太愉快了！",
            "不怕神一样的对手，就怕猪一样的队友。",
            "今天手气太差了，谁给我发个红包！",
            "你们别闹了，专心打牌！",
            "谁都不许走，决战到最后！",
            "家里煤气忘记关了，我先走了。",
            "那我们都撤吧，出去再聊。"
        ]
    },
    "5": {
        "corporateName": "开城娱乐",
        "port": 7001,
        "appid": "wx4ed5959bf43480f5",
        "openTalkSound": true,
        "labWord": [
            "大家好，这里都是我朋友，一起玩吧。",
            "我来了，让你们久等来。",
            "快点啊，我等到花儿也谢了！",
            "我出去一下，马上就回来，你们等我啊！",
            "和你合作真是太愉快了！",
            "不怕神一样的对手，就怕猪一样的队友。",
            "今天手气太差了，谁给我发个红包！",
            "你们别闹了，专心打牌！",
            "谁都不许走，决战到最后！",
            "家里煤气忘记关了，我先走了。",
            "那我们都撤吧，出去再聊。"
        ]
    },
    "6": {
        "corporateName": "超稳无敌",
        "port": 6001,
        "appid": "wxf958c8ec1af0f3b7",
        "openTalkSound": true,
        "labWord": [
            "大家好，这里都是我朋友，一起玩吧。",
            "我来了，让你们久等来。",
            "快点啊，我等到花儿也谢了！",
            "我出去一下，马上就回来，你们等我啊！",
            "和你合作真是太愉快了！",
            "不怕神一样的对手，就怕猪一样的队友。",
            "今天手气太差了，谁给我发个红包！",
            "你们别闹了，专心打牌！",
            "谁都不许走，决战到最后！",
            "家里煤气忘记关了，我先走了。",
            "那我们都撤吧，出去再聊。"
        ]
    },
    "labFace": [
        "开心",
        "贪婪",
        "傻眼",
        "装酷",
        "发飙",
        "喜欢",
        "大哭",
        "尴尬",
        "鄙视",
        "佩服",
        "批评",
        "吐",
        "委屈",
        "痛苦",
        "高兴",
        "眨眼",
        "流汗",
        "卖萌",
        "睡觉",
        "疑问"
    ]
}