[{"__type__":"cc.SpriteFrame","content":{"name":"bg10","texture":"160a0e3e4","rect":[63,75,30,30],"offset":[0,0],"originalSize":[30,30]}},{"__type__":"cc.SpriteFrame","content":{"name":"btnClose","texture":"160a0e3e4","rect":[2,75,57,58],"offset":[0,0],"originalSize":[57,58]}},{"__type__":"cc.SpriteFrame","content":{"name":"bgKai","texture":"176a755d4","rect":[417,118,96,36],"offset":[0,0],"originalSize":[96,36],"rotated":1}},{"__type__":"cc.SpriteFrame","content":{"name":"bg7","texture":"160a0e3e4","rect":[2,2,72,69],"offset":[0,0],"originalSize":[72,69],"capInsets":[20,23,20,20]}},{"__type__":"cc.SpriteFrame","content":{"name":"bgGuan","texture":"176a755d4","rect":[278,143,96,36],"offset":[0,0],"originalSize":[96,36],"rotated":1}},{"__type__":"cc.SpriteFrame","content":{"name":"bg9","texture":"160a0e3e4","rect":[78,2,50,50],"offset":[0,0],"originalSize":[50,50],"capInsets":[18,17,17,17]}},{"__type__":"cc.SpriteFrame","content":{"name":"icoQuan","texture":"160a0e3e4","rect":[2,178,36,36],"offset":[0,0],"originalSize":[36,36]}},[{"__type__":"cc.Prefab","_name":"Setting","data":{"__id__":1},"asyncLoadAssets":null},{"__type__":"cc.Node","_name":"Setting","_children":[{"__id__":2},{"__id__":3},{"__id__":7},{"__id__":8},{"__id__":9},{"__id__":10},{"__id__":18},{"__id__":26},{"__id__":27},{"__id__":30},{"__id__":31}],"_components":[{"__type__":"cc.Widget","node":{"__id__":1},"isAlignOnce":false,"_alignFlags":5,"_originalWidth":640,"_originalHeight":1000},{"__type__":"fc80cmL+RFDBZH39+oIwBC/","node":{"__id__":1},"toggleMusic":{"__id__":17},"toggleSound":{"__id__":25}}],"_prefab":{"__type__":"cc.PrefabInfo","root":{"__id__":1},"asset":{"__uuid__":"9bf9shPRJHOrlFkMec9hP7"},"fileId":"aaV7eohRFHvIE27XTTX8qX"},"_contentSize":{"__type__":"cc.Size","width":640,"height":1000},"_position":{"__type__":"cc.Vec2","y":500}},{"__type__":"cc.Node","_name":"MASK","_parent":{"__id__":1},"_components":[{"__type__":"cc.Sprite","node":{"__id__":2},"_spriteFrame":{"__uuid__":"a2MjXRFdtLlYQ5ouAFv/+R"},"_sizeMode":0},{"__type__":"cc.Widget","node":{"__id__":2},"isAlignOnce":false,"_alignFlags":5,"_originalHeight":1000}],"_prefab":{"__type__":"cc.PrefabInfo","root":{"__id__":1},"asset":{"__uuid__":"9bf9shPRJHOrlFkMec9hP7"},"fileId":"38X5mzsORAJov7LVrjH/Ta"},"_opacity":150,"_color":{"__type__":"cc.Color"},"_contentSize":{"__type__":"cc.Size","width":640,"height":1000}},{"__type__":"cc.Node","_name":"bg7","_parent":{"__id__":1},"_children":[{"__id__":4},{"__id__":5},{"__id__":6}],"_components":[{"__type__":"cc.Sprite","node":{"__id__":3},"_spriteFrame":{"__uuid__":"59yc4LGZhA6bH9gWGzbqVk"},"_type":1,"_sizeMode":0},{"__type__":"cc.Button","node":{"__id__":3},"_N$target":{"__id__":3}}],"_prefab":{"__type__":"cc.PrefabInfo","root":{"__id__":1},"asset":{"__uuid__":"9bf9shPRJHOrlFkMec9hP7"},"fileId":"c6qnk3CVpACqCRF9SqqiLs"},"_contentSize":{"__type__":"cc.Size","width":480,"height":570}},{"__type__":"cc.Node","_name":"bg9","_parent":{"__id__":3},"_components":[{"__type__":"cc.Sprite","node":{"__id__":4},"_spriteFrame":{"__uuid__":"69LFfQx0pHCIXsRSHjPnZB"},"_type":1,"_sizeMode":0}],"_prefab":{"__type__":"cc.PrefabInfo","root":{"__id__":1},"asset":{"__uuid__":"9bf9shPRJHOrlFkMec9hP7"},"fileId":"cdh490HAZITq8x2gkLnxCF"},"_contentSize":{"__type__":"cc.Size","width":450,"height":414}},{"__type__":"cc.Node","_name":"bg8","_parent":{"__id__":3},"_components":[{"__type__":"cc.Sprite","node":{"__id__":5},"_spriteFrame":{"__uuid__":"fegvNb/4tEALYOFaQn0kFu"},"_sizeMode":0}],"_prefab":{"__type__":"cc.PrefabInfo","root":{"__id__":1},"asset":{"__uuid__":"9bf9shPRJHOrlFkMec9hP7"},"fileId":"7dBoUKuR5FdYWp1zejtrNM"},"_contentSize":{"__type__":"cc.Size","width":480,"height":2},"_position":{"__type__":"cc.Vec2","y":222}},{"__type__":"cc.Node","_name":"bg8","_parent":{"__id__":3},"_components":[{"__type__":"cc.Sprite","node":{"__id__":6},"_spriteFrame":{"__uuid__":"fegvNb/4tEALYOFaQn0kFu"},"_sizeMode":0}],"_prefab":{"__type__":"cc.PrefabInfo","root":{"__id__":1},"asset":{"__uuid__":"9bf9shPRJHOrlFkMec9hP7"},"fileId":"59DtclfI9EtahaBRgNxODl"},"_contentSize":{"__type__":"cc.Size","width":480,"height":2},"_position":{"__type__":"cc.Vec2","y":-222}},{"__type__":"cc.Node","_name":"labYXSZ","_parent":{"__id__":1},"_components":[{"__type__":"cc.Sprite","node":{"__id__":7},"_spriteFrame":{"__uuid__":"d6y1QNb/FPKoydn48EDccu"}}],"_prefab":{"__type__":"cc.PrefabInfo","root":{"__id__":1},"asset":{"__uuid__":"9bf9shPRJHOrlFkMec9hP7"},"fileId":"1emrP7i0hOfqpE6KrWtyzU"},"_contentSize":{"__type__":"cc.Size","width":131,"height":37},"_position":{"__type__":"cc.Vec2","y":253}},{"__type__":"cc.Node","_name":"btnClose","_parent":{"__id__":1},"_components":[{"__type__":"cc.Sprite","node":{"__id__":8},"_spriteFrame":{"__uuid__":"44ywFC/DZG2pn+4Fv3/v2f"}}],"_prefab":{"__type__":"cc.PrefabInfo","root":{"__id__":1},"asset":{"__uuid__":"9bf9shPRJHOrlFkMec9hP7"},"fileId":"45omR5TotLCIreeyhWCrU4"},"_contentSize":{"__type__":"cc.Size","width":57,"height":58},"_position":{"__type__":"cc.Vec2","x":233,"y":272.5}},{"__type__":"cc.Node","_name":"New Label","_parent":{"__id__":1},"_components":[{"__type__":"cc.Label","node":{"__id__":9},"_useOriginalSize":false,"_actualFontSize":26,"_fontSize":26,"_lineHeight":26,"_N$string":"声音设置","_N$horizontalAlign":1,"_N$verticalAlign":1}],"_prefab":{"__type__":"cc.PrefabInfo","root":{"__id__":1},"asset":{"__uuid__":"9bf9shPRJHOrlFkMec9hP7"},"fileId":"40OnXhFmlFCYJecWkyNgsg"},"_color":{"__type__":"cc.Color","r":182,"g":60},"_contentSize":{"__type__":"cc.Size","width":104,"height":26},"_position":{"__type__":"cc.Vec2","y":163.7}},{"__type__":"cc.Node","_name":"New Toggle","_parent":{"__id__":1},"_children":[{"__id__":11},{"__id__":13},{"__id__":16}],"_components":[{"__id__":17}],"_prefab":{"__type__":"cc.PrefabInfo","root":{"__id__":1},"asset":{"__uuid__":"9bf9shPRJHOrlFkMec9hP7"},"fileId":"78CnUm3VhDk6zMfE4hlUSz"},"_contentSize":{"__type__":"cc.Size","width":96,"height":50},"_position":{"__type__":"cc.Vec2","x":-88,"y":101.4}},{"__type__":"cc.Node","_name":"Background","_parent":{"__id__":10},"_children":[{"__id__":12}],"_components":[{"__type__":"cc.Sprite","node":{"__id__":11},"_spriteFrame":{"__uuid__":"67vwLd38BPZbUa2EbYW4ew"}}],"_prefab":{"__type__":"cc.PrefabInfo","root":{"__id__":1},"asset":{"__uuid__":"9bf9shPRJHOrlFkMec9hP7"},"fileId":"b1bVXe/cVM+bbmFShOZ3Qv"},"_contentSize":{"__type__":"cc.Size","width":96,"height":36}},{"__type__":"cc.Node","_name":"icoQuan","_parent":{"__id__":11},"_components":[{"__type__":"cc.Sprite","node":{"__id__":12},"_spriteFrame":{"__uuid__":"6d0Lm3R4NKhI0UfaTH/V71"}}],"_prefab":{"__type__":"cc.PrefabInfo","root":{"__id__":1},"asset":{"__uuid__":"9bf9shPRJHOrlFkMec9hP7"},"fileId":"b1BZzlUuRBrYYeKQjxhCw/"},"_contentSize":{"__type__":"cc.Size","width":36,"height":36},"_position":{"__type__":"cc.Vec2","x":-31,"y":-2}},{"__type__":"cc.Node","_name":"checkmark","_parent":{"__id__":10},"_children":[{"__id__":14}],"_components":[{"__id__":15}],"_prefab":{"__type__":"cc.PrefabInfo","root":{"__id__":1},"asset":{"__uuid__":"9bf9shPRJHOrlFkMec9hP7"},"fileId":"c1smMPL8pFaYhefN5N2iNd"},"_contentSize":{"__type__":"cc.Size","width":96,"height":36}},{"__type__":"cc.Node","_name":"icoQuan","_parent":{"__id__":13},"_components":[{"__type__":"cc.Sprite","node":{"__id__":14},"_spriteFrame":{"__uuid__":"6d0Lm3R4NKhI0UfaTH/V71"}}],"_prefab":{"__type__":"cc.PrefabInfo","root":{"__id__":1},"asset":{"__uuid__":"9bf9shPRJHOrlFkMec9hP7"},"fileId":"beYizg3yxCQbJbYhGlhZTp"},"_contentSize":{"__type__":"cc.Size","width":36,"height":36},"_position":{"__type__":"cc.Vec2","x":31,"y":-2}},{"__type__":"cc.Sprite","node":{"__id__":13},"_spriteFrame":{"__uuid__":"4bgjwaA9BBsJkB8rV1EW2y"},"_sizeMode":2,"_isTrimmedMode":false},{"__type__":"cc.Node","_name":"New Label","_parent":{"__id__":10},"_components":[{"__type__":"cc.Label","node":{"__id__":16},"_useOriginalSize":false,"_actualFontSize":26,"_fontSize":26,"_lineHeight":26,"_N$string":"音乐","_N$horizontalAlign":1,"_N$verticalAlign":1}],"_prefab":{"__type__":"cc.PrefabInfo","root":{"__id__":1},"asset":{"__uuid__":"9bf9shPRJHOrlFkMec9hP7"},"fileId":"7bvKHu0SZKOI4SVVmtGSuy"},"_color":{"__type__":"cc.Color","r":182,"g":60},"_contentSize":{"__type__":"cc.Size","width":52,"height":26},"_position":{"__type__":"cc.Vec2","x":-84}},{"__type__":"cc.Toggle","node":{"__id__":10},"_N$target":{"__id__":11},"checkMark":{"__id__":15}},{"__type__":"cc.Node","_name":"New Toggle","_parent":{"__id__":1},"_children":[{"__id__":19},{"__id__":21},{"__id__":24}],"_components":[{"__id__":25}],"_prefab":{"__type__":"cc.PrefabInfo","root":{"__id__":1},"asset":{"__uuid__":"9bf9shPRJHOrlFkMec9hP7"},"fileId":"84VzTLWA5HsYkCiBovLBEJ"},"_contentSize":{"__type__":"cc.Size","width":96,"height":50},"_position":{"__type__":"cc.Vec2","x":145,"y":101.4}},{"__type__":"cc.Node","_name":"Background","_parent":{"__id__":18},"_children":[{"__id__":20}],"_components":[{"__type__":"cc.Sprite","node":{"__id__":19},"_spriteFrame":{"__uuid__":"67vwLd38BPZbUa2EbYW4ew"}}],"_prefab":{"__type__":"cc.PrefabInfo","root":{"__id__":1},"asset":{"__uuid__":"9bf9shPRJHOrlFkMec9hP7"},"fileId":"d3jwzGW9BDpr8wYaTZTSMZ"},"_contentSize":{"__type__":"cc.Size","width":96,"height":36}},{"__type__":"cc.Node","_name":"icoQuan","_parent":{"__id__":19},"_components":[{"__type__":"cc.Sprite","node":{"__id__":20},"_spriteFrame":{"__uuid__":"6d0Lm3R4NKhI0UfaTH/V71"}}],"_prefab":{"__type__":"cc.PrefabInfo","root":{"__id__":1},"asset":{"__uuid__":"9bf9shPRJHOrlFkMec9hP7"},"fileId":"7c3vvW4p1O+K565b7a0PKM"},"_contentSize":{"__type__":"cc.Size","width":36,"height":36},"_position":{"__type__":"cc.Vec2","x":-31,"y":-2}},{"__type__":"cc.Node","_name":"checkmark","_parent":{"__id__":18},"_children":[{"__id__":22}],"_components":[{"__id__":23}],"_prefab":{"__type__":"cc.PrefabInfo","root":{"__id__":1},"asset":{"__uuid__":"9bf9shPRJHOrlFkMec9hP7"},"fileId":"b7bwflOTlD8KxFQKRxSwL1"},"_contentSize":{"__type__":"cc.Size","width":96,"height":36}},{"__type__":"cc.Node","_name":"icoQuan","_parent":{"__id__":21},"_components":[{"__type__":"cc.Sprite","node":{"__id__":22},"_spriteFrame":{"__uuid__":"6d0Lm3R4NKhI0UfaTH/V71"}}],"_prefab":{"__type__":"cc.PrefabInfo","root":{"__id__":1},"asset":{"__uuid__":"9bf9shPRJHOrlFkMec9hP7"},"fileId":"6f3P89oXtHSIlh2rRGWt90"},"_contentSize":{"__type__":"cc.Size","width":36,"height":36},"_position":{"__type__":"cc.Vec2","x":31,"y":-2}},{"__type__":"cc.Sprite","node":{"__id__":21},"_spriteFrame":{"__uuid__":"4bgjwaA9BBsJkB8rV1EW2y"},"_sizeMode":2,"_isTrimmedMode":false},{"__type__":"cc.Node","_name":"New Label","_parent":{"__id__":18},"_components":[{"__type__":"cc.Label","node":{"__id__":24},"_useOriginalSize":false,"_actualFontSize":26,"_fontSize":26,"_lineHeight":26,"_N$string":"音效","_N$horizontalAlign":1,"_N$verticalAlign":1}],"_prefab":{"__type__":"cc.PrefabInfo","root":{"__id__":1},"asset":{"__uuid__":"9bf9shPRJHOrlFkMec9hP7"},"fileId":"8156uAOs9KmqHkLTpAHlI3"},"_color":{"__type__":"cc.Color","r":182,"g":60},"_contentSize":{"__type__":"cc.Size","width":52,"height":26},"_position":{"__type__":"cc.Vec2","x":-84}},{"__type__":"cc.Toggle","node":{"__id__":18},"_N$target":{"__id__":19},"checkMark":{"__id__":23}},{"__type__":"cc.Node","_name":"New Label","_parent":{"__id__":1},"_components":[{"__type__":"cc.Label","node":{"__id__":26},"_useOriginalSize":false,"_actualFontSize":26,"_fontSize":26,"_lineHeight":26,"_N$string":"语言设置","_N$horizontalAlign":1,"_N$verticalAlign":1}],"_prefab":{"__type__":"cc.PrefabInfo","root":{"__id__":1},"asset":{"__uuid__":"9bf9shPRJHOrlFkMec9hP7"},"fileId":"47OSdIshJJKpoL4RVmW5qH"},"_color":{"__type__":"cc.Color","r":182,"g":60},"_contentSize":{"__type__":"cc.Size","width":104,"height":26},"_position":{"__type__":"cc.Vec2","y":26}},{"__type__":"cc.Node","_name":"bg10","_parent":{"__id__":1},"_children":[{"__id__":28},{"__id__":29}],"_components":[{"__type__":"cc.Sprite","node":{"__id__":27},"_spriteFrame":{"__uuid__":"42pbY7H71OlqniM6Fxu8OC"}}],"_prefab":{"__type__":"cc.PrefabInfo","root":{"__id__":1},"asset":{"__uuid__":"9bf9shPRJHOrlFkMec9hP7"},"fileId":"a1aTFzZg9OHrzyMnxBrxpa"},"_contentSize":{"__type__":"cc.Size","width":30,"height":30},"_position":{"__type__":"cc.Vec2","x":-30,"y":-28}},{"__type__":"cc.Node","_name":"icoGou","_parent":{"__id__":27},"_components":[{"__type__":"cc.Sprite","node":{"__id__":28},"_spriteFrame":{"__uuid__":"bdlgRe4uBKN7tXaqd+3ZiB"}}],"_prefab":{"__type__":"cc.PrefabInfo","root":{"__id__":1},"asset":{"__uuid__":"9bf9shPRJHOrlFkMec9hP7"},"fileId":"faY40+JktHqJv+oCRCgGw0"},"_contentSize":{"__type__":"cc.Size","width":24,"height":23}},{"__type__":"cc.Node","_name":"New Label","_parent":{"__id__":27},"_components":[{"__type__":"cc.Label","node":{"__id__":29},"_useOriginalSize":false,"_actualFontSize":26,"_fontSize":26,"_lineHeight":26,"_N$string":"默认","_N$horizontalAlign":1,"_N$verticalAlign":1}],"_prefab":{"__type__":"cc.PrefabInfo","root":{"__id__":1},"asset":{"__uuid__":"9bf9shPRJHOrlFkMec9hP7"},"fileId":"6f7r6etedLC45aoxcXjXZq"},"_color":{"__type__":"cc.Color","r":182,"g":60},"_contentSize":{"__type__":"cc.Size","width":52,"height":26},"_position":{"__type__":"cc.Vec2","x":54}},{"__type__":"cc.Node","_name":"New Label","_parent":{"__id__":1},"_components":[{"__type__":"cc.Label","node":{"__id__":30},"_useOriginalSize":false,"_actualFontSize":26,"_fontSize":26,"_lineHeight":26,"_N$string":"游戏客服","_N$horizontalAlign":1,"_N$verticalAlign":1}],"_prefab":{"__type__":"cc.PrefabInfo","root":{"__id__":1},"asset":{"__uuid__":"9bf9shPRJHOrlFkMec9hP7"},"fileId":"9cMV/W6fxFz5yCm47gvb69"},"_color":{"__type__":"cc.Color","r":182,"g":60},"_contentSize":{"__type__":"cc.Size","width":104,"height":26},"_position":{"__type__":"cc.Vec2","y":-101.7}},{"__type__":"cc.Node","_name":"New Label","_parent":{"__id__":1},"_components":[{"__type__":"cc.Label","node":{"__id__":31},"_useOriginalSize":false,"_actualFontSize":26,"_fontSize":26,"_lineHeight":30,"_N$string":"请联系上级\n工作时间: 工作日10:00～20：00","_N$verticalAlign":1}],"_prefab":{"__type__":"cc.PrefabInfo","root":{"__id__":1},"asset":{"__uuid__":"9bf9shPRJHOrlFkMec9hP7"},"fileId":"cb9XK6b4lEJom8YVZWRMKb"},"_color":{"__type__":"cc.Color","r":182,"g":60},"_anchorPoint":{"__type__":"cc.Vec2","y":0.5},"_contentSize":{"__type__":"cc.Size","width":371,"height":60},"_position":{"__type__":"cc.Vec2","x":-199.7,"y":-163.2}}],{"__type__":"cc.SpriteFrame","content":{"name":"icoGou","texture":"160a0e3e4","rect":[132,2,24,23],"offset":[0,0],"originalSize":[24,23]}},{"__type__":"cc.SpriteFrame","content":{"name":"labYXSZ","texture":"160a0e3e4","rect":[2,137,131,37],"offset":[0,0],"originalSize":[131,37]}},{"__type__":"cc.SpriteFrame","content":{"name":"bg8","texture":"160a0e3e4","rect":[2,218,39,2],"offset":[0,0],"originalSize":[39,2]}}]