{"__type__":"cc.SpriteAtlas","_spriteFrames":{"voice2":{"__uuid__":"92INE1HHZO4ot8H0JUVd6o"},"bgTalk":{"__uuid__":"2bjUIfIUxD2aJSY9u2IyjB"},"icoLoad":{"__uuid__":"46/o6iS5VJiJa3Mh3j3ZKu"},"bgBox":{"__uuid__":"abA+rbPWZLeZiJe7+GCQ9C"},"voice3":{"__uuid__":"f811+CAS1CCZRy4YuTRB3E"},"voice1":{"__uuid__":"83ZDBn4m5JMIrdyHIAUhsO"},"faces":{"__uuid__":"9an2lIp1RF5rS1qUXkcAgX"},"ico1":{"__uuid__":"00+eCZimhGe5+Vc7Ai7fjH"},"icoYY":{"__uuid__":"f3qg9smS5HoJkzUl3bI8gO"},"splash1":{"__uuid__":"99OQTM2sdGV718AM8sU+mH"},"ico3":{"__uuid__":"c3xQ4bJqlCN71zd2ujA6ut"},"ico4":{"__uuid__":"1bqKrHG1RAspzQQTEgB5N5"},"ico2":{"__uuid__":"c5hrSQsdlOdYEhr6g4Nnzs"},"bgYY":{"__uuid__":"9aEMacW4ZO+phe2v2OEn/R"}}}