{"__type__":"cc.SpriteAtlas","_spriteFrames":{"icoJiazhukuan":{"__uuid__":"3fXZjZCEpOx41px3YaDIkr"},"icoChouma1":{"__uuid__":"3fCTRK2ChL+aXs7wat/i0c"},"icoChouma3":{"__uuid__":"90Rs/56i1I6Ikmcdox1SBA"},"icoChouma4":{"__uuid__":"93WVTFxpdHD4pMXpJtYo/T"},"icoChouma6":{"__uuid__":"85RcAoHhRKnafMInONJv59"},"icoZidong":{"__uuid__":"bfK1Y4dyFCq6Z0byaiGnKg"},"icoBipai":{"__uuid__":"7anZpCa/ZBkLwIPcj1vaUF"},"icoGenzhu":{"__uuid__":"72xdC/YzNIHr9vOMpHSLRe"},"icoJiazhu":{"__uuid__":"a0caSMlr9Nk6h/f6jgEEea"},"icoQipai":{"__uuid__":"77oVADbeBNHLpgxB3BlcTz"}}}