[{"__type__":"cc.Prefab","_name":"TipPanel","data":{"__id__":1},"asyncLoadAssets":null},{"__type__":"cc.Node","_name":"TipPanel","_children":[{"__id__":2},{"__id__":3},{"__id__":4},{"__id__":5},{"__id__":7},{"__id__":9},{"__id__":10},{"__id__":11}],"_components":[{"__type__":"cc.Widget","node":{"__id__":1},"isAlignOnce":false,"_alignFlags":5,"_originalWidth":640,"_originalHeight":960}],"_prefab":{"__type__":"cc.PrefabInfo","root":{"__id__":1},"asset":{"__uuid__":"e5TWB/cNFOTIEwHsk2Eyou"},"fileId":"1cYC4fBYNEW7hR4eQe5NQL"},"_contentSize":{"__type__":"cc.Size","width":640,"height":1000},"_position":{"__type__":"cc.Vec2","y":500}},{"__type__":"cc.Node","_name":"M","_parent":{"__id__":1},"_components":[{"__type__":"cc.Sprite","node":{"__id__":2},"_spriteFrame":{"__uuid__":"a2MjXRFdtLlYQ5ouAFv/+R"},"_sizeMode":0},{"__type__":"cc.Button","node":{"__id__":2},"_N$target":{"__id__":2}},{"__type__":"cc.Widget","node":{"__id__":2},"isAlignOnce":false,"_alignFlags":45,"_originalWidth":720,"_originalHeight":960}],"_prefab":{"__type__":"cc.PrefabInfo","root":{"__id__":1},"asset":{"__uuid__":"e5TWB/cNFOTIEwHsk2Eyou"},"fileId":"6cW6iiAI1LLq0HhxHPnfsk"},"_opacity":150,"_color":{"__type__":"cc.Color"},"_contentSize":{"__type__":"cc.Size","width":640,"height":1000}},{"__type__":"cc.Node","_name":"bg","_parent":{"__id__":1},"_components":[{"__type__":"cc.Sprite","node":{"__id__":3},"_spriteFrame":{"__uuid__":"a2MjXRFdtLlYQ5ouAFv/+R"},"_sizeMode":0},{"__type__":"cc.Button","node":{"__id__":3},"_N$target":{"__id__":3}}],"_prefab":{"__type__":"cc.PrefabInfo","root":{"__id__":1},"asset":{"__uuid__":"e5TWB/cNFOTIEwHsk2Eyou"},"fileId":"f51QJRYnRAKJkHQqSb7ZdT"},"_color":{"__type__":"cc.Color","g":128,"b":122},"_contentSize":{"__type__":"cc.Size","width":600,"height":350}},{"__type__":"cc.Node","_name":"tip","_parent":{"__id__":1},"_components":[{"__type__":"cc.Label","node":{"__id__":4},"_useOriginalSize":false,"_actualFontSize":36,"_fontSize":36,"_lineHeight":36,"_N$string":"提示文字","_N$horizontalAlign":1,"_N$verticalAlign":1,"_N$fontFamily":"","_N$overflow":3}],"_prefab":{"__type__":"cc.PrefabInfo","root":{"__id__":1},"asset":{"__uuid__":"e5TWB/cNFOTIEwHsk2Eyou"},"fileId":"19C2iEOx1GPrhZvwX7cx9q"},"_contentSize":{"__type__":"cc.Size","width":550,"height":36},"_position":{"__type__":"cc.Vec2","y":13}},{"__type__":"cc.Node","_name":"btnOK","_parent":{"__id__":1},"_children":[{"__id__":6}],"_active":false,"_components":[{"__type__":"cc.Sprite","node":{"__id__":5},"_spriteFrame":{"__uuid__":"a2MjXRFdtLlYQ5ouAFv/+R"},"_sizeMode":0},{"__type__":"cc.Button","node":{"__id__":5},"transition":1,"pressedColor":{"__type__":"cc.Color","r":202,"g":74,"b":1},"hoverColor":{"__type__":"cc.Color","r":245,"g":111,"b":36},"_N$normalColor":{"__type__":"cc.Color","r":233,"g":84},"_N$target":{"__id__":5}}],"_prefab":{"__type__":"cc.PrefabInfo","root":{"__id__":1},"asset":{"__uuid__":"e5TWB/cNFOTIEwHsk2Eyou"},"fileId":"378hUg8bhKuLEEYhLbxsai"},"_color":{"__type__":"cc.Color","r":233,"g":84},"_contentSize":{"__type__":"cc.Size","width":180,"height":70},"_position":{"__type__":"cc.Vec2","x":-150,"y":-113}},{"__type__":"cc.Node","_name":"lab","_parent":{"__id__":5},"_components":[{"__type__":"cc.Label","node":{"__id__":6},"_useOriginalSize":false,"_actualFontSize":36,"_fontSize":36,"_lineHeight":36,"_N$string":"好  的","_N$horizontalAlign":1,"_N$verticalAlign":1,"_N$fontFamily":""}],"_prefab":{"__type__":"cc.PrefabInfo","root":{"__id__":1},"asset":{"__uuid__":"e5TWB/cNFOTIEwHsk2Eyou"},"fileId":"42xnov7cJN65+VDh9m2JK+"},"_contentSize":{"__type__":"cc.Size","width":92,"height":36},"_position":{"__type__":"cc.Vec2","y":0.3}},{"__type__":"cc.Node","_name":"btnCancel","_parent":{"__id__":1},"_children":[{"__id__":8}],"_active":false,"_components":[{"__type__":"cc.Sprite","node":{"__id__":7},"_spriteFrame":{"__uuid__":"a2MjXRFdtLlYQ5ouAFv/+R"},"_sizeMode":0},{"__type__":"cc.Button","node":{"__id__":7},"transition":1,"pressedColor":{"__type__":"cc.Color","g":137,"b":200},"hoverColor":{"__type__":"cc.Color","r":32,"g":184,"b":254},"_N$normalColor":{"__type__":"cc.Color","g":160,"b":233},"_N$target":{"__id__":7}}],"_prefab":{"__type__":"cc.PrefabInfo","root":{"__id__":1},"asset":{"__uuid__":"e5TWB/cNFOTIEwHsk2Eyou"},"fileId":"3cRanivXJIka6wL94GAesZ"},"_color":{"__type__":"cc.Color","g":160,"b":233},"_contentSize":{"__type__":"cc.Size","width":180,"height":70},"_position":{"__type__":"cc.Vec2","x":150,"y":-113}},{"__type__":"cc.Node","_name":"lab","_parent":{"__id__":7},"_components":[{"__type__":"cc.Label","node":{"__id__":8},"_useOriginalSize":false,"_actualFontSize":36,"_fontSize":36,"_lineHeight":36,"_N$string":"不  了","_N$horizontalAlign":1,"_N$verticalAlign":1,"_N$fontFamily":""}],"_prefab":{"__type__":"cc.PrefabInfo","root":{"__id__":1},"asset":{"__uuid__":"e5TWB/cNFOTIEwHsk2Eyou"},"fileId":"4eveKDyKNN1qfeLoSA/vFh"},"_contentSize":{"__type__":"cc.Size","width":92,"height":36},"_position":{"__type__":"cc.Vec2","y":0.3}},{"__type__":"cc.Node","_name":"New Sprite(Splash)","_parent":{"__id__":1},"_components":[{"__type__":"cc.Sprite","node":{"__id__":9},"_spriteFrame":{"__uuid__":"a2MjXRFdtLlYQ5ouAFv/+R"},"_sizeMode":0}],"_prefab":{"__type__":"cc.PrefabInfo","root":{"__id__":1},"asset":{"__uuid__":"e5TWB/cNFOTIEwHsk2Eyou"},"fileId":"1cNQZxcwdBl6ZCTA1aVh71"},"_contentSize":{"__type__":"cc.Size","width":550,"height":2},"_position":{"__type__":"cc.Vec2","y":90}},{"__type__":"cc.Node","_name":"title","_parent":{"__id__":1},"_components":[{"__type__":"cc.Label","node":{"__id__":10},"_useOriginalSize":false,"_actualFontSize":50,"_fontSize":50,"_lineHeight":50,"_N$string":"温馨提醒","_N$horizontalAlign":1,"_N$verticalAlign":1,"_N$fontFamily":""}],"_prefab":{"__type__":"cc.PrefabInfo","root":{"__id__":1},"asset":{"__uuid__":"e5TWB/cNFOTIEwHsk2Eyou"},"fileId":"11d1yfXgtBcbQO72N4u91p"},"_contentSize":{"__type__":"cc.Size","width":200,"height":50},"_position":{"__type__":"cc.Vec2","y":131}},{"__type__":"cc.Node","_name":"New Sprite(Splash)","_parent":{"__id__":1},"_components":[{"__type__":"cc.Sprite","node":{"__id__":11},"_spriteFrame":{"__uuid__":"a2MjXRFdtLlYQ5ouAFv/+R"},"_sizeMode":0}],"_prefab":{"__type__":"cc.PrefabInfo","root":{"__id__":1},"asset":{"__uuid__":"e5TWB/cNFOTIEwHsk2Eyou"},"fileId":"86HGY81ddNYrzouE9n4/GY"},"_contentSize":{"__type__":"cc.Size","width":550,"height":2},"_position":{"__type__":"cc.Vec2","y":-65}}]