[{"__type__":"cc.SpriteFrame","content":{"name":"faces","texture":"1fd4618a8","rect":[779,2,64,62],"offset":[0,0],"originalSize":[64,62]}},{"__type__":"cc.SpriteFrame","content":{"name":"faces","texture":"1fd4618a8","rect":[458,135,62,62],"offset":[0,0],"originalSize":[62,62]}},{"__type__":"cc.SpriteAtlas","_name":"faces.plist","_spriteFrames":{"face7":{"__uuid__":"e3XH6ZKQ9EFZlOgb0LnPH7"},"face3":{"__uuid__":"20ZFNIMt1CEoIGkGU7w/ES"},"face12":{"__uuid__":"5dmd2WJzJLfrAossSjYRPF"},"face10":{"__uuid__":"ediOgYhzJHMaXrXbaErifR"},"face9":{"__uuid__":"5fu35xx1ZB26EBvd69Dj0A"},"face17":{"__uuid__":"068JrfcIVMB5Kj3wRjj+XK"},"face20":{"__uuid__":"98degT1ntKpZMdaczq9aq4"},"face14":{"__uuid__":"42W+xunxdDT6ZIxcELQV33"},"face8":{"__uuid__":"9an2lIp1RF5rS1qUXkcAgX"},"face6":{"__uuid__":"23QDBW/Y5MUp8MVhgN8Z8Z"},"face2":{"__uuid__":"b5i39unplCApTmvZTJCXzn"},"face1":{"__uuid__":"3e/w2IAfNA7Z/TFjyiPmGo"},"face4":{"__uuid__":"0drncWZVVDdbYhj+K/53T0"},"face11":{"__uuid__":"91+HtLVaJLzpTUQp8XV6Aa"},"face15":{"__uuid__":"aaTGuHGNZCqp02I7oO+Xtl"},"face13":{"__uuid__":"c9lCJGiPlMu4F689uCe78M"},"face16":{"__uuid__":"95HTAedbRDlbgD8X8sF+vj"},"face19":{"__uuid__":"8dq3OM8iZOppCkA4fIOF45"},"face18":{"__uuid__":"c1AyOuHcVOw7wqUmxyKNyj"},"face5":{"__uuid__":"72xaRx54tDM6ATNyvVbIVj"}}},{"__type__":"cc.SpriteFrame","content":{"name":"faces","texture":"1fd4618a8","rect":[260,163,62,64],"offset":[0,0],"originalSize":[62,64]}},{"__type__":"cc.SpriteFrame","content":{"name":"faces","texture":"1fd4618a8","rect":[458,201,62,62],"offset":[0,0],"originalSize":[62,62]}},{"__type__":"cc.SpriteFrame","content":{"name":"faces","texture":"1fd4618a8","rect":[260,231,62,62],"offset":[0,0],"originalSize":[62,62]}},{"__type__":"cc.SpriteFrame","content":{"name":"faces","texture":"1fd4618a8","rect":[260,297,63,62],"offset":[0,0],"originalSize":[63,62]}},{"__type__":"cc.SpriteFrame","content":{"name":"faces","texture":"1fd4618a8","rect":[155,390,62,64],"offset":[0,0],"originalSize":[62,64]}},{"__type__":"cc.SpriteFrame","content":{"name":"faces","texture":"1fd4618a8","rect":[847,2,64,62],"offset":[0,0],"originalSize":[64,62]}},{"__type__":"cc.SpriteFrame","content":{"name":"faces","texture":"1fd4618a8","rect":[281,429,62,62],"offset":[0,0],"originalSize":[62,62]}},{"__type__":"cc.LabelAtlas","_name":"beishuNum3","spriteFrame":{"__uuid__":"84857G9JFEM57L4/LdNLz2"},"fontSize":26.4,"_fntConfig":{"commonHeight":30,"fontSize":26,"atlasName":"beishuNum3","fontDefDictionary":{"49":{"rect":{"x":0,"y":0,"width":25,"height":30},"xOffset":0,"yOffset":0,"xAdvance":25},"50":{"rect":{"x":25,"y":0,"width":25,"height":30},"xOffset":0,"yOffset":0,"xAdvance":25},"51":{"rect":{"x":50,"y":0,"width":25,"height":30},"xOffset":0,"yOffset":0,"xAdvance":25},"52":{"rect":{"x":75,"y":0,"width":25,"height":30},"xOffset":0,"yOffset":0,"xAdvance":25},"53":{"rect":{"x":100,"y":0,"width":25,"height":30},"xOffset":0,"yOffset":0,"xAdvance":25},"54":{"rect":{"x":125,"y":0,"width":25,"height":30},"xOffset":0,"yOffset":0,"xAdvance":25},"55":{"rect":{"x":150,"y":0,"width":25,"height":30},"xOffset":0,"yOffset":0,"xAdvance":25},"56":{"rect":{"x":175,"y":0,"width":25,"height":30},"xOffset":0,"yOffset":0,"xAdvance":25},"57":{"rect":{"x":200,"y":0,"width":25,"height":30},"xOffset":0,"yOffset":0,"xAdvance":25}},"kerningDict":{}}},{"__type__":"cc.SpriteFrame","content":{"name":"beishuNum3","texture":"115c7f493","rect":[2,2,225,30],"offset":[0,0],"originalSize":[225,30]}},{"__type__":"cc.SpriteFrame","content":{"name":"faces","texture":"1fd4618a8","rect":[281,363,62,62],"offset":[0,0],"originalSize":[62,62]}},{"__type__":"cc.SpriteFrame","content":{"name":"faces","texture":"1fd4618a8","rect":[326,230,62,62],"offset":[0,0],"originalSize":[62,62]}},{"__type__":"cc.SpriteFrame","content":{"name":"faces","texture":"1fd4618a8","rect":[409,69,62,62],"offset":[0,0],"originalSize":[62,62]}},{"__type__":"cc.SpriteFrame","content":{"name":"faces","texture":"1fd4618a8","rect":[326,163,62,63],"offset":[0,0],"originalSize":[62,63]}},{"__type__":"cc.SpriteFrame","content":{"name":"faces","texture":"1fd4618a8","rect":[475,68,62,62],"offset":[0,0],"originalSize":[62,62]}},{"__type__":"cc.SpriteFrame","content":{"name":"faces","texture":"1fd4618a8","rect":[392,222,62,62],"offset":[0,0],"originalSize":[62,62]}},{"__type__":"cc.SpriteFrame","content":{"name":"faces","texture":"1fd4618a8","rect":[392,288,62,62],"offset":[0,0],"originalSize":[62,62]}},{"__type__":"cc.SpriteFrame","content":{"name":"faces","texture":"1fd4618a8","rect":[915,2,62,62],"offset":[0,0],"originalSize":[62,62]}},{"__type__":"cc.SpriteFrame","content":{"name":"faces","texture":"1fd4618a8","rect":[392,156,62,62],"offset":[0,0],"originalSize":[62,62]}},{"__type__":"cc.SpriteFrame","content":{"name":"faces","texture":"1fd4618a8","rect":[341,88,64,64],"offset":[0,0],"originalSize":[64,64]}},{"__type__":"cc.SpriteFrame","content":{"name":"faces","texture":"1fd4618a8","rect":[711,2,64,62],"offset":[0,0],"originalSize":[64,62]}}]