{"__type__":"cc.SpriteAtlas","_spriteFrames":{"bg1":{"__uuid__":"8e92UUClhDtZPzzdcjihXM"},"icoQuan":{"__uuid__":"d8tWvkOQdE4I2lBYOeedSN"},"bg5":{"__uuid__":"1brGSL3NZDsIIoMlSe++JK"},"icoZhuozhu":{"__uuid__":"9aIKqg43hMLaDMaxW9hP6E"},"bg6":{"__uuid__":"34/aNzPk1GGLNJw5AuuhAh"},"bgDi":{"__uuid__":"9fK0b5/yBN4JK4HRcl/dAH"},"bg3":{"__uuid__":"22qS461n1EG5urS/FvziYG"},"btnYuyin":{"__uuid__":"7eSOJXfbpIWY9UVHe9aFYz"},"beishuNum":{"__uuid__":"08a4zIKiRIfqYoxloP3lZU"},"icoKS":{"__uuid__":"664fh2Sh1PgZiXaJrteTxR"},"btnFHWX":{"__uuid__":"58WqKQjTNPg61URuXTK8sg"},"btnKS":{"__uuid__":"bbDVjYlixJLoplmhT1rIAs"},"labZhang9":{"__uuid__":"48V/u/PldCcLQ17vMZONyy"},"btnKS1":{"__uuid__":"eaqaUvAxlKD4pPQHdV1GhS"},"bgCZ":{"__uuid__":"21+/vm3V5OHpXXiD4jKrxf"},"btnLiaotian":{"__uuid__":"0abFZRchpOkb6TIGBoXkNC"},"jiantou":{"__uuid__":"47HvM9YhBOFY7gBQnTfM+T"},"bg4":{"__uuid__":"c5xjAGwNhE7J7n3bDE0Eyl"},"labZhang":{"__uuid__":"66jaRV0K9KManPnZHyGlVf"},"btnGengduo":{"__uuid__":"e1kepLw71GxrZTTgYRApqO"},"btnJSYX":{"__uuid__":"cep0dUuWdB2pDZxhqbXIu6"},"bg2":{"__uuid__":"59ZX7w6TVPN4bAxs38TxOj"},"btnWanjia":{"__uuid__":"4fcn2azKxJdImu+mPAeQwC"},"icoZhuang":{"__uuid__":"24VhjBLYRIDKakn+zNS9NH"},"labJia":{"__uuid__":"ddJ7+prmtINLoItIvWRinp"},"bgKP":{"__uuid__":"a6UrfevXxJU5CbrL2X8UJR"}}}