[{"__type__":"cc.Prefab","_name":"Tip","data":{"__id__":1},"asyncLoadAssets":null},{"__type__":"cc.Node","_name":"Tip","_children":[{"__id__":2}],"_components":[{"__type__":"cc.Sprite","node":{"__id__":1},"_spriteFrame":{"__uuid__":"a2MjXRFdtLlYQ5ouAFv/+R"},"_sizeMode":0},{"__type__":"cc.Layout","node":{"__id__":1},"_layoutSize":{"__type__":"cc.Size","width":387,"height":70},"_resize":1,"_N$paddingLeft":20,"_N$paddingRight":20,"_N$paddingTop":15,"_N$paddingBottom":15}],"_prefab":{"__type__":"cc.PrefabInfo","root":{"__id__":1},"asset":{"__uuid__":"37HJ902/BCip2NQNh9E6B3"},"fileId":"40vEPIKMdLtrG0yh2mJkCG"},"_opacity":220,"_color":{"__type__":"cc.Color","g":65,"b":116},"_anchorPoint":{"__type__":"cc.Vec2","x":0.5,"y":0.79},"_contentSize":{"__type__":"cc.Size","width":387,"height":70}},{"__type__":"cc.Node","_name":"lab","_parent":{"__id__":1},"_components":[{"__type__":"cc.Label","node":{"__id__":2},"_useOriginalSize":false,"_N$string":"正在进入游戏中......","_N$horizontalAlign":1,"_N$verticalAlign":1,"_N$fontFamily":""}],"_prefab":{"__type__":"cc.PrefabInfo","root":{"__id__":1},"asset":{"__uuid__":"37HJ902/BCip2NQNh9E6B3"},"fileId":"d0VaJVpQdPL7NfV9stNhFv"},"_anchorPoint":{"__type__":"cc.Vec2","x":0.5,"y":1},"_contentSize":{"__type__":"cc.Size","width":347,"height":40}}]