{"__type__":"cc.SpriteAtlas","_spriteFrames":{"bgGame2":{"__uuid__":"62ivTJyV5MrqT4NfDQo9cc"},"bgS":{"__uuid__":"14iZPmkWRC+oMiG2qUh43A"},"bgGame3":{"__uuid__":"5bzO3JdB9O/r3tTE1+VrHu"},"bg1":{"__uuid__":"5fdZRT5EpEXqhWOIskC13R"},"icoJiantou":{"__uuid__":"392pzFi3BNwKR8n379XcOY"},"icoXin":{"__uuid__":"33CPEvNEROOIQtynrgtFnI"},"bg2":{"__uuid__":"ecDgmV4j9KsoiecY4ZHIkJ"},"bg3":{"__uuid__":"1556aNy3JFWZLP0s06PIx0"},"share":{"__uuid__":"38of2mOrZAMLouoHiBfBwL"},"bg4":{"__uuid__":"55gdRdp8hOYJGVZfMk/b4j"},"icoGJ":{"__uuid__":"795O0hVKhKsqzZjxUyMSoR"}}}